nl,t,ya,m,ACT,sc
R12_AFR,gas_cc,1995,M1,0.0,sv_2c_buffer_decoal
R12_AFR,gas_cc,2000,M1,0.0,sv_2c_buffer_decoal
R12_AFR,gas_cc,2005,M1,0.0,sv_2c_buffer_decoal
R12_AFR,gas_cc,2010,M1,0.0,sv_2c_buffer_decoal
R12_AFR,gas_cc,2015,M1,0.0,sv_2c_buffer_decoal
R12_AFR,gas_cc,2020,M1,0.0,sv_2c_buffer_decoal
R12_AFR,gas_cc,2025,M1,0.0,sv_2c_buffer_decoal
R12_AFR,gas_cc,2030,M1,16.669685464002065,sv_2c_buffer_decoal
R12_AFR,gas_cc,2035,M1,27.22653871105007,sv_2c_buffer_decoal
R12_AFR,gas_cc,2040,M1,41.23856148130595,sv_2c_buffer_decoal
R12_AFR,gas_cc,2045,M1,48.44314757851929,sv_2c_buffer_decoal
R12_AFR,gas_cc,2050,M1,46.966272578519295,sv_2c_buffer_decoal
R12_AFR,gas_cc,2055,M1,34.95827788032392,sv_2c_buffer_decoal
R12_AFR,gas_cc,2060,M1,1.7621314614457333,sv_2c_buffer_decoal
R12_AFR,gas_cc,2070,M1,0.0,sv_2c_buffer_decoal
R12_AFR,gas_cc,2080,M1,0.0,sv_2c_buffer_decoal
R12_AFR,gas_cc,2090,M1,0.0,sv_2c_buffer_decoal
R12_AFR,gas_cc,2100,M1,0.0,sv_2c_buffer_decoal
R12_AFR,gas_cc,2110,M1,0.0,sv_2c_buffer_decoal
R12_AFR,gas_cc_ccs,2030,M1,0.0,sv_2c_buffer_decoal
R12_AFR,gas_cc_ccs,2035,M1,0.0,sv_2c_buffer_decoal
R12_AFR,gas_cc_ccs,2040,M1,0.0,sv_2c_buffer_decoal
R12_AFR,gas_cc_ccs,2045,M1,0.0,sv_2c_buffer_decoal
R12_AFR,gas_cc_ccs,2050,M1,0.0,sv_2c_buffer_decoal
R12_AFR,gas_cc_ccs,2055,M1,0.0,sv_2c_buffer_decoal
R12_AFR,gas_cc_ccs,2060,M1,0.0,sv_2c_buffer_decoal
R12_AFR,gas_cc_ccs,2070,M1,0.0,sv_2c_buffer_decoal
R12_AFR,gas_cc_ccs,2080,M1,0.0,sv_2c_buffer_decoal
R12_AFR,gas_cc_ccs,2090,M1,0.0,sv_2c_buffer_decoal
R12_AFR,gas_cc_ccs,2100,M1,0.0,sv_2c_buffer_decoal
R12_AFR,gas_cc_ccs,2110,M1,0.0,sv_2c_buffer_decoal
R12_AFR,gas_ct,1975,M1,0.0,sv_2c_buffer_decoal
R12_AFR,gas_ct,1980,M1,0.0,sv_2c_buffer_decoal
R12_AFR,gas_ct,1985,M1,0.0,sv_2c_buffer_decoal
R12_AFR,gas_ct,1990,M1,0.0,sv_2c_buffer_decoal
R12_AFR,gas_ct,1995,M1,0.0,sv_2c_buffer_decoal
R12_AFR,gas_ct,2000,M1,0.0,sv_2c_buffer_decoal
R12_AFR,gas_ct,2005,M1,0.0,sv_2c_buffer_decoal
R12_AFR,gas_ct,2010,M1,0.0,sv_2c_buffer_decoal
R12_AFR,gas_ct,2015,M1,0.0,sv_2c_buffer_decoal
R12_AFR,gas_ct,2020,M1,0.0,sv_2c_buffer_decoal
R12_AFR,gas_ct,2025,M1,0.0,sv_2c_buffer_decoal
R12_AFR,gas_ct,2030,M1,0.0,sv_2c_buffer_decoal
R12_AFR,gas_ct,2035,M1,0.0,sv_2c_buffer_decoal
R12_AFR,gas_ct,2040,M1,0.0,sv_2c_buffer_decoal
R12_AFR,gas_ct,2045,M1,2.23047911455994,sv_2c_buffer_decoal
R12_AFR,gas_ct,2050,M1,0.0,sv_2c_buffer_decoal
R12_AFR,gas_ct,2055,M1,0.0,sv_2c_buffer_decoal
R12_AFR,gas_ct,2060,M1,0.0,sv_2c_buffer_decoal
R12_AFR,gas_ct,2070,M1,0.0,sv_2c_buffer_decoal
R12_AFR,gas_ct,2080,M1,0.0,sv_2c_buffer_decoal
R12_AFR,gas_ct,2090,M1,0.0,sv_2c_buffer_decoal
R12_AFR,gas_ct,2100,M1,0.0,sv_2c_buffer_decoal
R12_AFR,gas_ct,2110,M1,0.0,sv_2c_buffer_decoal
R12_AFR,gas_ppl,1965,M1,0.0,sv_2c_buffer_decoal
R12_AFR,gas_ppl,1970,M1,0.0,sv_2c_buffer_decoal
R12_AFR,gas_ppl,1975,M1,0.0,sv_2c_buffer_decoal
R12_AFR,gas_ppl,1980,M1,0.0,sv_2c_buffer_decoal
R12_AFR,gas_ppl,1985,M1,0.0,sv_2c_buffer_decoal
R12_AFR,gas_ppl,1990,M1,0.0,sv_2c_buffer_decoal
R12_AFR,gas_ppl,1995,M1,0.0,sv_2c_buffer_decoal
R12_AFR,gas_ppl,2000,M1,0.0,sv_2c_buffer_decoal
R12_AFR,gas_ppl,2005,M1,0.0,sv_2c_buffer_decoal
R12_AFR,gas_ppl,2010,M1,0.0,sv_2c_buffer_decoal
R12_AFR,gas_ppl,2015,M1,0.0,sv_2c_buffer_decoal
R12_AFR,gas_ppl,2020,M1,0.0,sv_2c_buffer_decoal
R12_AFR,gas_ppl,2025,M1,0.0,sv_2c_buffer_decoal
R12_AFR,gas_ppl,2030,M1,0.0,sv_2c_buffer_decoal
R12_AFR,gas_ppl,2035,M1,0.0,sv_2c_buffer_decoal
R12_AFR,gas_ppl,2040,M1,0.0,sv_2c_buffer_decoal
R12_AFR,gas_ppl,2045,M1,0.0,sv_2c_buffer_decoal
R12_AFR,gas_ppl,2050,M1,0.0,sv_2c_buffer_decoal
R12_AFR,gas_ppl,2055,M1,0.0,sv_2c_buffer_decoal
R12_AFR,gas_ppl,2060,M1,0.0,sv_2c_buffer_decoal
R12_AFR,gas_ppl,2070,M1,0.0,sv_2c_buffer_decoal
R12_AFR,gas_ppl,2080,M1,0.0,sv_2c_buffer_decoal
R12_AFR,gas_ppl,2090,M1,0.0,sv_2c_buffer_decoal
R12_AFR,gas_ppl,2100,M1,0.0,sv_2c_buffer_decoal
R12_AFR,gas_ppl,2110,M1,0.0,sv_2c_buffer_decoal
R12_CHN,gas_cc,1980,M1,0.0,sv_2c_buffer_decoal
R12_CHN,gas_cc,1985,M1,0.0,sv_2c_buffer_decoal
R12_CHN,gas_cc,1990,M1,0.0,sv_2c_buffer_decoal
R12_CHN,gas_cc,1995,M1,0.0,sv_2c_buffer_decoal
R12_CHN,gas_cc,2000,M1,0.0,sv_2c_buffer_decoal
R12_CHN,gas_cc,2005,M1,0.0,sv_2c_buffer_decoal
R12_CHN,gas_cc,2010,M1,0.0,sv_2c_buffer_decoal
R12_CHN,gas_cc,2015,M1,0.0,sv_2c_buffer_decoal
R12_CHN,gas_cc,2020,M1,0.0,sv_2c_buffer_decoal
R12_CHN,gas_cc,2025,M1,0.0,sv_2c_buffer_decoal
R12_CHN,gas_cc,2030,M1,109.82065461733688,sv_2c_buffer_decoal
R12_CHN,gas_cc,2035,M1,162.57682722611258,sv_2c_buffer_decoal
R12_CHN,gas_cc,2040,M1,201.69535864688686,sv_2c_buffer_decoal
R12_CHN,gas_cc,2045,M1,153.38620364688686,sv_2c_buffer_decoal
R12_CHN,gas_cc,2050,M1,85.26198177761543,sv_2c_buffer_decoal
R12_CHN,gas_cc,2055,M1,109.90522660385611,sv_2c_buffer_decoal
R12_CHN,gas_cc,2060,M1,0.0,sv_2c_buffer_decoal
R12_CHN,gas_cc,2070,M1,0.0,sv_2c_buffer_decoal
R12_CHN,gas_cc,2080,M1,0.0,sv_2c_buffer_decoal
R12_CHN,gas_cc,2090,M1,0.0,sv_2c_buffer_decoal
R12_CHN,gas_cc,2100,M1,0.0,sv_2c_buffer_decoal
R12_CHN,gas_cc,2110,M1,0.0,sv_2c_buffer_decoal
R12_CHN,gas_cc_ccs,2030,M1,0.0,sv_2c_buffer_decoal
R12_CHN,gas_cc_ccs,2035,M1,0.0,sv_2c_buffer_decoal
R12_CHN,gas_cc_ccs,2040,M1,0.0,sv_2c_buffer_decoal
R12_CHN,gas_cc_ccs,2045,M1,0.0,sv_2c_buffer_decoal
R12_CHN,gas_cc_ccs,2050,M1,0.0,sv_2c_buffer_decoal
R12_CHN,gas_cc_ccs,2055,M1,0.0,sv_2c_buffer_decoal
R12_CHN,gas_cc_ccs,2060,M1,0.0,sv_2c_buffer_decoal
R12_CHN,gas_cc_ccs,2070,M1,0.0,sv_2c_buffer_decoal
R12_CHN,gas_cc_ccs,2080,M1,0.0,sv_2c_buffer_decoal
R12_CHN,gas_cc_ccs,2090,M1,0.0,sv_2c_buffer_decoal
R12_CHN,gas_cc_ccs,2100,M1,0.0,sv_2c_buffer_decoal
R12_CHN,gas_cc_ccs,2110,M1,0.0,sv_2c_buffer_decoal
R12_CHN,gas_ct,1970,M1,0.0,sv_2c_buffer_decoal
R12_CHN,gas_ct,1975,M1,0.0,sv_2c_buffer_decoal
R12_CHN,gas_ct,1980,M1,0.0,sv_2c_buffer_decoal
R12_CHN,gas_ct,1985,M1,0.0,sv_2c_buffer_decoal
R12_CHN,gas_ct,1990,M1,0.0,sv_2c_buffer_decoal
R12_CHN,gas_ct,1995,M1,0.0,sv_2c_buffer_decoal
R12_CHN,gas_ct,2000,M1,0.0,sv_2c_buffer_decoal
R12_CHN,gas_ct,2005,M1,0.0,sv_2c_buffer_decoal
R12_CHN,gas_ct,2010,M1,0.0,sv_2c_buffer_decoal
R12_CHN,gas_ct,2015,M1,0.0,sv_2c_buffer_decoal
R12_CHN,gas_ct,2020,M1,0.0,sv_2c_buffer_decoal
R12_CHN,gas_ct,2025,M1,0.0,sv_2c_buffer_decoal
R12_CHN,gas_ct,2030,M1,98.24381052268183,sv_2c_buffer_decoal
R12_CHN,gas_ct,2035,M1,93.22352158897408,sv_2c_buffer_decoal
R12_CHN,gas_ct,2040,M1,34.799858641234266,sv_2c_buffer_decoal
R12_CHN,gas_ct,2045,M1,0.0,sv_2c_buffer_decoal
R12_CHN,gas_ct,2050,M1,0.0,sv_2c_buffer_decoal
R12_CHN,gas_ct,2055,M1,0.0,sv_2c_buffer_decoal
R12_CHN,gas_ct,2060,M1,0.0,sv_2c_buffer_decoal
R12_CHN,gas_ct,2070,M1,0.0,sv_2c_buffer_decoal
R12_CHN,gas_ct,2080,M1,0.0,sv_2c_buffer_decoal
R12_CHN,gas_ct,2090,M1,0.0,sv_2c_buffer_decoal
R12_CHN,gas_ct,2100,M1,0.0,sv_2c_buffer_decoal
R12_CHN,gas_ct,2110,M1,0.0,sv_2c_buffer_decoal
R12_CHN,gas_ppl,1970,M1,0.0,sv_2c_buffer_decoal
R12_CHN,gas_ppl,1975,M1,0.0,sv_2c_buffer_decoal
R12_CHN,gas_ppl,1980,M1,0.0,sv_2c_buffer_decoal
R12_CHN,gas_ppl,1985,M1,0.0,sv_2c_buffer_decoal
R12_CHN,gas_ppl,1990,M1,0.0,sv_2c_buffer_decoal
R12_CHN,gas_ppl,1995,M1,0.0,sv_2c_buffer_decoal
R12_CHN,gas_ppl,2000,M1,0.0,sv_2c_buffer_decoal
R12_CHN,gas_ppl,2005,M1,0.0,sv_2c_buffer_decoal
R12_CHN,gas_ppl,2010,M1,0.0,sv_2c_buffer_decoal
R12_CHN,gas_ppl,2015,M1,0.0,sv_2c_buffer_decoal
R12_CHN,gas_ppl,2020,M1,0.0,sv_2c_buffer_decoal
R12_CHN,gas_ppl,2025,M1,0.0,sv_2c_buffer_decoal
R12_CHN,gas_ppl,2030,M1,0.0,sv_2c_buffer_decoal
R12_CHN,gas_ppl,2035,M1,0.0,sv_2c_buffer_decoal
R12_CHN,gas_ppl,2040,M1,0.0,sv_2c_buffer_decoal
R12_CHN,gas_ppl,2045,M1,0.0,sv_2c_buffer_decoal
R12_CHN,gas_ppl,2050,M1,0.0,sv_2c_buffer_decoal
R12_CHN,gas_ppl,2055,M1,0.0,sv_2c_buffer_decoal
R12_CHN,gas_ppl,2060,M1,0.0,sv_2c_buffer_decoal
R12_CHN,gas_ppl,2070,M1,0.0,sv_2c_buffer_decoal
R12_CHN,gas_ppl,2080,M1,0.0,sv_2c_buffer_decoal
R12_CHN,gas_ppl,2090,M1,0.0,sv_2c_buffer_decoal
R12_CHN,gas_ppl,2100,M1,0.0,sv_2c_buffer_decoal
R12_CHN,gas_ppl,2110,M1,0.0,sv_2c_buffer_decoal
R12_EEU,gas_cc,1960,M1,0.0,sv_2c_buffer_decoal
R12_EEU,gas_cc,1965,M1,0.0,sv_2c_buffer_decoal
R12_EEU,gas_cc,1970,M1,0.0,sv_2c_buffer_decoal
R12_EEU,gas_cc,1975,M1,0.0,sv_2c_buffer_decoal
R12_EEU,gas_cc,1980,M1,0.0,sv_2c_buffer_decoal
R12_EEU,gas_cc,1985,M1,0.0,sv_2c_buffer_decoal
R12_EEU,gas_cc,1990,M1,0.0,sv_2c_buffer_decoal
R12_EEU,gas_cc,1995,M1,0.0,sv_2c_buffer_decoal
R12_EEU,gas_cc,2000,M1,0.0,sv_2c_buffer_decoal
R12_EEU,gas_cc,2005,M1,0.0,sv_2c_buffer_decoal
R12_EEU,gas_cc,2010,M1,0.0,sv_2c_buffer_decoal
R12_EEU,gas_cc,2015,M1,0.0,sv_2c_buffer_decoal
R12_EEU,gas_cc,2020,M1,0.0,sv_2c_buffer_decoal
R12_EEU,gas_cc,2025,M1,0.0,sv_2c_buffer_decoal
R12_EEU,gas_cc,2030,M1,8.212118366862594,sv_2c_buffer_decoal
R12_EEU,gas_cc,2035,M1,9.821438644599166,sv_2c_buffer_decoal
R12_EEU,gas_cc,2040,M1,12.312744832700643,sv_2c_buffer_decoal
R12_EEU,gas_cc,2045,M1,14.607631453813838,sv_2c_buffer_decoal
R12_EEU,gas_cc,2050,M1,13.51285714026321,sv_2c_buffer_decoal
R12_EEU,gas_cc,2055,M1,10.3830992989953,sv_2c_buffer_decoal
R12_EEU,gas_cc,2060,M1,9.916076502700388,sv_2c_buffer_decoal
R12_EEU,gas_cc,2070,M1,0.0,sv_2c_buffer_decoal
R12_EEU,gas_cc,2080,M1,0.0,sv_2c_buffer_decoal
R12_EEU,gas_cc,2090,M1,0.0,sv_2c_buffer_decoal
R12_EEU,gas_cc,2100,M1,0.0,sv_2c_buffer_decoal
R12_EEU,gas_cc,2110,M1,0.0,sv_2c_buffer_decoal
R12_EEU,gas_cc_ccs,2030,M1,0.0,sv_2c_buffer_decoal
R12_EEU,gas_cc_ccs,2035,M1,0.0,sv_2c_buffer_decoal
R12_EEU,gas_cc_ccs,2040,M1,0.0,sv_2c_buffer_decoal
R12_EEU,gas_cc_ccs,2045,M1,0.0,sv_2c_buffer_decoal
R12_EEU,gas_cc_ccs,2050,M1,0.0,sv_2c_buffer_decoal
R12_EEU,gas_cc_ccs,2055,M1,0.0,sv_2c_buffer_decoal
R12_EEU,gas_cc_ccs,2060,M1,0.0,sv_2c_buffer_decoal
R12_EEU,gas_cc_ccs,2070,M1,0.0,sv_2c_buffer_decoal
R12_EEU,gas_cc_ccs,2080,M1,0.0,sv_2c_buffer_decoal
R12_EEU,gas_cc_ccs,2090,M1,0.0,sv_2c_buffer_decoal
R12_EEU,gas_cc_ccs,2100,M1,0.0,sv_2c_buffer_decoal
R12_EEU,gas_cc_ccs,2110,M1,0.0,sv_2c_buffer_decoal
R12_EEU,gas_ct,1975,M1,0.0,sv_2c_buffer_decoal
R12_EEU,gas_ct,1980,M1,0.0,sv_2c_buffer_decoal
R12_EEU,gas_ct,1985,M1,0.0,sv_2c_buffer_decoal
R12_EEU,gas_ct,1990,M1,0.0,sv_2c_buffer_decoal
R12_EEU,gas_ct,1995,M1,0.0,sv_2c_buffer_decoal
R12_EEU,gas_ct,2000,M1,0.0,sv_2c_buffer_decoal
R12_EEU,gas_ct,2005,M1,0.0,sv_2c_buffer_decoal
R12_EEU,gas_ct,2010,M1,0.0,sv_2c_buffer_decoal
R12_EEU,gas_ct,2015,M1,0.0,sv_2c_buffer_decoal
R12_EEU,gas_ct,2020,M1,0.0,sv_2c_buffer_decoal
R12_EEU,gas_ct,2025,M1,0.0,sv_2c_buffer_decoal
R12_EEU,gas_ct,2030,M1,4.05260035309943,sv_2c_buffer_decoal
R12_EEU,gas_ct,2035,M1,4.415392045059601,sv_2c_buffer_decoal
R12_EEU,gas_ct,2040,M1,2.046877044234254,sv_2c_buffer_decoal
R12_EEU,gas_ct,2045,M1,3.3233532234451046,sv_2c_buffer_decoal
R12_EEU,gas_ct,2050,M1,0.0,sv_2c_buffer_decoal
R12_EEU,gas_ct,2055,M1,5.017898316545942,sv_2c_buffer_decoal
R12_EEU,gas_ct,2060,M1,0.0,sv_2c_buffer_decoal
R12_EEU,gas_ct,2070,M1,0.0,sv_2c_buffer_decoal
R12_EEU,gas_ct,2080,M1,0.0,sv_2c_buffer_decoal
R12_EEU,gas_ct,2090,M1,0.0,sv_2c_buffer_decoal
R12_EEU,gas_ct,2100,M1,0.0,sv_2c_buffer_decoal
R12_EEU,gas_ct,2110,M1,0.0,sv_2c_buffer_decoal
R12_EEU,gas_ppl,1960,M1,0.0,sv_2c_buffer_decoal
R12_EEU,gas_ppl,1965,M1,0.0,sv_2c_buffer_decoal
R12_EEU,gas_ppl,1970,M1,0.0,sv_2c_buffer_decoal
R12_EEU,gas_ppl,1975,M1,0.0,sv_2c_buffer_decoal
R12_EEU,gas_ppl,1980,M1,0.0,sv_2c_buffer_decoal
R12_EEU,gas_ppl,1985,M1,0.0,sv_2c_buffer_decoal
R12_EEU,gas_ppl,1990,M1,0.0,sv_2c_buffer_decoal
R12_EEU,gas_ppl,1995,M1,0.0,sv_2c_buffer_decoal
R12_EEU,gas_ppl,2000,M1,0.0,sv_2c_buffer_decoal
R12_EEU,gas_ppl,2005,M1,0.0,sv_2c_buffer_decoal
R12_EEU,gas_ppl,2010,M1,0.0,sv_2c_buffer_decoal
R12_EEU,gas_ppl,2015,M1,0.0,sv_2c_buffer_decoal
R12_EEU,gas_ppl,2020,M1,0.0,sv_2c_buffer_decoal
R12_EEU,gas_ppl,2025,M1,0.0,sv_2c_buffer_decoal
R12_EEU,gas_ppl,2030,M1,0.0,sv_2c_buffer_decoal
R12_EEU,gas_ppl,2035,M1,0.0,sv_2c_buffer_decoal
R12_EEU,gas_ppl,2040,M1,0.0,sv_2c_buffer_decoal
R12_EEU,gas_ppl,2045,M1,0.0,sv_2c_buffer_decoal
R12_EEU,gas_ppl,2050,M1,0.0,sv_2c_buffer_decoal
R12_EEU,gas_ppl,2055,M1,0.0,sv_2c_buffer_decoal
R12_EEU,gas_ppl,2060,M1,0.0,sv_2c_buffer_decoal
R12_EEU,gas_ppl,2070,M1,0.0,sv_2c_buffer_decoal
R12_EEU,gas_ppl,2080,M1,0.0,sv_2c_buffer_decoal
R12_EEU,gas_ppl,2090,M1,0.0,sv_2c_buffer_decoal
R12_EEU,gas_ppl,2100,M1,0.0,sv_2c_buffer_decoal
R12_EEU,gas_ppl,2110,M1,0.0,sv_2c_buffer_decoal
R12_FSU,gas_cc,1980,M1,0.0,sv_2c_buffer_decoal
R12_FSU,gas_cc,1985,M1,0.0,sv_2c_buffer_decoal
R12_FSU,gas_cc,1990,M1,0.0,sv_2c_buffer_decoal
R12_FSU,gas_cc,1995,M1,0.0,sv_2c_buffer_decoal
R12_FSU,gas_cc,2000,M1,0.0,sv_2c_buffer_decoal
R12_FSU,gas_cc,2005,M1,0.0,sv_2c_buffer_decoal
R12_FSU,gas_cc,2010,M1,0.0,sv_2c_buffer_decoal
R12_FSU,gas_cc,2015,M1,0.0,sv_2c_buffer_decoal
R12_FSU,gas_cc,2020,M1,0.0,sv_2c_buffer_decoal
R12_FSU,gas_cc,2025,M1,0.0,sv_2c_buffer_decoal
R12_FSU,gas_cc,2030,M1,44.3925095075065,sv_2c_buffer_decoal
R12_FSU,gas_cc,2035,M1,59.4201570225365,sv_2c_buffer_decoal
R12_FSU,gas_cc,2040,M1,78.59966647371823,sv_2c_buffer_decoal
R12_FSU,gas_cc,2045,M1,75.83500000177504,sv_2c_buffer_decoal
R12_FSU,gas_cc,2050,M1,67.78125000177505,sv_2c_buffer_decoal
R12_FSU,gas_cc,2055,M1,58.79237369456669,sv_2c_buffer_decoal
R12_FSU,gas_cc,2060,M1,48.08309196645975,sv_2c_buffer_decoal
R12_FSU,gas_cc,2070,M1,0.0,sv_2c_buffer_decoal
R12_FSU,gas_cc,2080,M1,0.0,sv_2c_buffer_decoal
R12_FSU,gas_cc,2090,M1,0.0,sv_2c_buffer_decoal
R12_FSU,gas_cc,2100,M1,0.0,sv_2c_buffer_decoal
R12_FSU,gas_cc,2110,M1,0.0,sv_2c_buffer_decoal
R12_FSU,gas_cc_ccs,2030,M1,0.0,sv_2c_buffer_decoal
R12_FSU,gas_cc_ccs,2035,M1,0.0,sv_2c_buffer_decoal
R12_FSU,gas_cc_ccs,2040,M1,0.0,sv_2c_buffer_decoal
R12_FSU,gas_cc_ccs,2045,M1,0.0,sv_2c_buffer_decoal
R12_FSU,gas_cc_ccs,2050,M1,0.0,sv_2c_buffer_decoal
R12_FSU,gas_cc_ccs,2055,M1,0.0,sv_2c_buffer_decoal
R12_FSU,gas_cc_ccs,2060,M1,0.0,sv_2c_buffer_decoal
R12_FSU,gas_cc_ccs,2070,M1,0.0,sv_2c_buffer_decoal
R12_FSU,gas_cc_ccs,2080,M1,0.0,sv_2c_buffer_decoal
R12_FSU,gas_cc_ccs,2090,M1,0.0,sv_2c_buffer_decoal
R12_FSU,gas_cc_ccs,2100,M1,0.0,sv_2c_buffer_decoal
R12_FSU,gas_cc_ccs,2110,M1,0.0,sv_2c_buffer_decoal
R12_FSU,gas_ct,1980,M1,0.0,sv_2c_buffer_decoal
R12_FSU,gas_ct,1985,M1,0.0,sv_2c_buffer_decoal
R12_FSU,gas_ct,1990,M1,0.0,sv_2c_buffer_decoal
R12_FSU,gas_ct,1995,M1,0.0,sv_2c_buffer_decoal
R12_FSU,gas_ct,2000,M1,0.0,sv_2c_buffer_decoal
R12_FSU,gas_ct,2005,M1,0.0,sv_2c_buffer_decoal
R12_FSU,gas_ct,2010,M1,0.0,sv_2c_buffer_decoal
R12_FSU,gas_ct,2015,M1,0.0,sv_2c_buffer_decoal
R12_FSU,gas_ct,2020,M1,0.0,sv_2c_buffer_decoal
R12_FSU,gas_ct,2025,M1,0.0,sv_2c_buffer_decoal
R12_FSU,gas_ct,2030,M1,0.0,sv_2c_buffer_decoal
R12_FSU,gas_ct,2035,M1,0.7552763334533168,sv_2c_buffer_decoal
R12_FSU,gas_ct,2040,M1,0.0,sv_2c_buffer_decoal
R12_FSU,gas_ct,2045,M1,0.0,sv_2c_buffer_decoal
R12_FSU,gas_ct,2050,M1,0.0,sv_2c_buffer_decoal
R12_FSU,gas_ct,2055,M1,0.0,sv_2c_buffer_decoal
R12_FSU,gas_ct,2060,M1,0.0,sv_2c_buffer_decoal
R12_FSU,gas_ct,2070,M1,0.0,sv_2c_buffer_decoal
R12_FSU,gas_ct,2080,M1,0.0,sv_2c_buffer_decoal
R12_FSU,gas_ct,2090,M1,0.0,sv_2c_buffer_decoal
R12_FSU,gas_ct,2100,M1,0.0,sv_2c_buffer_decoal
R12_FSU,gas_ct,2110,M1,0.0,sv_2c_buffer_decoal
R12_FSU,gas_ppl,1960,M1,0.0,sv_2c_buffer_decoal
R12_FSU,gas_ppl,1965,M1,0.0,sv_2c_buffer_decoal
R12_FSU,gas_ppl,1970,M1,0.0,sv_2c_buffer_decoal
R12_FSU,gas_ppl,1975,M1,0.0,sv_2c_buffer_decoal
R12_FSU,gas_ppl,1980,M1,0.0,sv_2c_buffer_decoal
R12_FSU,gas_ppl,1985,M1,0.0,sv_2c_buffer_decoal
R12_FSU,gas_ppl,1990,M1,0.0,sv_2c_buffer_decoal
R12_FSU,gas_ppl,1995,M1,0.0,sv_2c_buffer_decoal
R12_FSU,gas_ppl,2000,M1,0.0,sv_2c_buffer_decoal
R12_FSU,gas_ppl,2005,M1,0.0,sv_2c_buffer_decoal
R12_FSU,gas_ppl,2010,M1,0.0,sv_2c_buffer_decoal
R12_FSU,gas_ppl,2015,M1,0.0,sv_2c_buffer_decoal
R12_FSU,gas_ppl,2020,M1,0.0,sv_2c_buffer_decoal
R12_FSU,gas_ppl,2025,M1,0.0,sv_2c_buffer_decoal
R12_FSU,gas_ppl,2030,M1,0.0,sv_2c_buffer_decoal
R12_FSU,gas_ppl,2035,M1,0.0,sv_2c_buffer_decoal
R12_FSU,gas_ppl,2040,M1,0.0,sv_2c_buffer_decoal
R12_FSU,gas_ppl,2045,M1,0.0,sv_2c_buffer_decoal
R12_FSU,gas_ppl,2050,M1,0.0,sv_2c_buffer_decoal
R12_FSU,gas_ppl,2055,M1,0.0,sv_2c_buffer_decoal
R12_FSU,gas_ppl,2060,M1,0.0,sv_2c_buffer_decoal
R12_FSU,gas_ppl,2070,M1,0.0,sv_2c_buffer_decoal
R12_FSU,gas_ppl,2080,M1,0.0,sv_2c_buffer_decoal
R12_FSU,gas_ppl,2090,M1,0.0,sv_2c_buffer_decoal
R12_FSU,gas_ppl,2100,M1,0.0,sv_2c_buffer_decoal
R12_FSU,gas_ppl,2110,M1,0.0,sv_2c_buffer_decoal
R12_LAM,gas_cc,1960,M1,0.0,sv_2c_buffer_decoal
R12_LAM,gas_cc,1965,M1,0.0,sv_2c_buffer_decoal
R12_LAM,gas_cc,1970,M1,0.0,sv_2c_buffer_decoal
R12_LAM,gas_cc,1975,M1,0.0,sv_2c_buffer_decoal
R12_LAM,gas_cc,1980,M1,0.0,sv_2c_buffer_decoal
R12_LAM,gas_cc,1985,M1,0.0,sv_2c_buffer_decoal
R12_LAM,gas_cc,1990,M1,0.0,sv_2c_buffer_decoal
R12_LAM,gas_cc,1995,M1,0.0,sv_2c_buffer_decoal
R12_LAM,gas_cc,2000,M1,0.0,sv_2c_buffer_decoal
R12_LAM,gas_cc,2005,M1,0.0,sv_2c_buffer_decoal
R12_LAM,gas_cc,2010,M1,0.0,sv_2c_buffer_decoal
R12_LAM,gas_cc,2015,M1,0.0,sv_2c_buffer_decoal
R12_LAM,gas_cc,2020,M1,0.0,sv_2c_buffer_decoal
R12_LAM,gas_cc,2025,M1,0.0,sv_2c_buffer_decoal
R12_LAM,gas_cc,2030,M1,50.932017775,sv_2c_buffer_decoal
R12_LAM,gas_cc,2035,M1,53.89559159189729,sv_2c_buffer_decoal
R12_LAM,gas_cc,2040,M1,41.70338138909541,sv_2c_buffer_decoal
R12_LAM,gas_cc,2045,M1,32.26928154817429,sv_2c_buffer_decoal
R12_LAM,gas_cc,2050,M1,24.969354928797763,sv_2c_buffer_decoal
R12_LAM,gas_cc,2055,M1,19.32081086557538,sv_2c_buffer_decoal
R12_LAM,gas_cc,2060,M1,14.950075144825101,sv_2c_buffer_decoal
R12_LAM,gas_cc,2070,M1,8.951162233596344,sv_2c_buffer_decoal
R12_LAM,gas_cc,2080,M1,5.359391478369647,sv_2c_buffer_decoal
R12_LAM,gas_cc,2090,M1,3.2088656499392925,sv_2c_buffer_decoal
R12_LAM,gas_cc,2100,M1,1.9212663976718234,sv_2c_buffer_decoal
R12_LAM,gas_cc,2110,M1,1.1503331624035735,sv_2c_buffer_decoal
R12_LAM,gas_cc_ccs,2030,M1,0.0,sv_2c_buffer_decoal
R12_LAM,gas_cc_ccs,2035,M1,0.0,sv_2c_buffer_decoal
R12_LAM,gas_cc_ccs,2040,M1,0.0,sv_2c_buffer_decoal
R12_LAM,gas_cc_ccs,2045,M1,0.0,sv_2c_buffer_decoal
R12_LAM,gas_cc_ccs,2050,M1,0.0,sv_2c_buffer_decoal
R12_LAM,gas_cc_ccs,2055,M1,0.0,sv_2c_buffer_decoal
R12_LAM,gas_cc_ccs,2060,M1,0.0,sv_2c_buffer_decoal
R12_LAM,gas_cc_ccs,2070,M1,0.0,sv_2c_buffer_decoal
R12_LAM,gas_cc_ccs,2080,M1,0.0,sv_2c_buffer_decoal
R12_LAM,gas_cc_ccs,2090,M1,0.0,sv_2c_buffer_decoal
R12_LAM,gas_cc_ccs,2100,M1,0.0,sv_2c_buffer_decoal
R12_LAM,gas_cc_ccs,2110,M1,0.0,sv_2c_buffer_decoal
R12_LAM,gas_ct,1965,M1,0.0,sv_2c_buffer_decoal
R12_LAM,gas_ct,1970,M1,0.0,sv_2c_buffer_decoal
R12_LAM,gas_ct,1975,M1,0.0,sv_2c_buffer_decoal
R12_LAM,gas_ct,1980,M1,0.0,sv_2c_buffer_decoal
R12_LAM,gas_ct,1985,M1,0.0,sv_2c_buffer_decoal
R12_LAM,gas_ct,1990,M1,0.0,sv_2c_buffer_decoal
R12_LAM,gas_ct,1995,M1,0.0,sv_2c_buffer_decoal
R12_LAM,gas_ct,2000,M1,0.0,sv_2c_buffer_decoal
R12_LAM,gas_ct,2005,M1,0.0,sv_2c_buffer_decoal
R12_LAM,gas_ct,2010,M1,0.0,sv_2c_buffer_decoal
R12_LAM,gas_ct,2015,M1,0.0,sv_2c_buffer_decoal
R12_LAM,gas_ct,2020,M1,0.0,sv_2c_buffer_decoal
R12_LAM,gas_ct,2025,M1,0.0,sv_2c_buffer_decoal
R12_LAM,gas_ct,2030,M1,0.0,sv_2c_buffer_decoal
R12_LAM,gas_ct,2035,M1,8.05852007354428,sv_2c_buffer_decoal
R12_LAM,gas_ct,2040,M1,16.793751001557236,sv_2c_buffer_decoal
R12_LAM,gas_ct,2045,M1,0.5775465838498803,sv_2c_buffer_decoal
R12_LAM,gas_ct,2050,M1,0.0,sv_2c_buffer_decoal
R12_LAM,gas_ct,2055,M1,0.0,sv_2c_buffer_decoal
R12_LAM,gas_ct,2060,M1,0.0,sv_2c_buffer_decoal
R12_LAM,gas_ct,2070,M1,0.0,sv_2c_buffer_decoal
R12_LAM,gas_ct,2080,M1,0.0,sv_2c_buffer_decoal
R12_LAM,gas_ct,2090,M1,0.0,sv_2c_buffer_decoal
R12_LAM,gas_ct,2100,M1,0.0,sv_2c_buffer_decoal
R12_LAM,gas_ct,2110,M1,0.0,sv_2c_buffer_decoal
R12_LAM,gas_ppl,1960,M1,0.0,sv_2c_buffer_decoal
R12_LAM,gas_ppl,1965,M1,0.0,sv_2c_buffer_decoal
R12_LAM,gas_ppl,1970,M1,0.0,sv_2c_buffer_decoal
R12_LAM,gas_ppl,1975,M1,0.0,sv_2c_buffer_decoal
R12_LAM,gas_ppl,1980,M1,0.0,sv_2c_buffer_decoal
R12_LAM,gas_ppl,1985,M1,0.0,sv_2c_buffer_decoal
R12_LAM,gas_ppl,1990,M1,0.0,sv_2c_buffer_decoal
R12_LAM,gas_ppl,1995,M1,0.0,sv_2c_buffer_decoal
R12_LAM,gas_ppl,2000,M1,0.0,sv_2c_buffer_decoal
R12_LAM,gas_ppl,2005,M1,0.0,sv_2c_buffer_decoal
R12_LAM,gas_ppl,2010,M1,0.0,sv_2c_buffer_decoal
R12_LAM,gas_ppl,2015,M1,0.0,sv_2c_buffer_decoal
R12_LAM,gas_ppl,2020,M1,0.0,sv_2c_buffer_decoal
R12_LAM,gas_ppl,2025,M1,0.0,sv_2c_buffer_decoal
R12_LAM,gas_ppl,2030,M1,0.0,sv_2c_buffer_decoal
R12_LAM,gas_ppl,2035,M1,0.0,sv_2c_buffer_decoal
R12_LAM,gas_ppl,2040,M1,0.0,sv_2c_buffer_decoal
R12_LAM,gas_ppl,2045,M1,0.0,sv_2c_buffer_decoal
R12_LAM,gas_ppl,2050,M1,0.0,sv_2c_buffer_decoal
R12_LAM,gas_ppl,2055,M1,0.0,sv_2c_buffer_decoal
R12_LAM,gas_ppl,2060,M1,0.0,sv_2c_buffer_decoal
R12_LAM,gas_ppl,2070,M1,0.0,sv_2c_buffer_decoal
R12_LAM,gas_ppl,2080,M1,0.0,sv_2c_buffer_decoal
R12_LAM,gas_ppl,2090,M1,0.0,sv_2c_buffer_decoal
R12_LAM,gas_ppl,2100,M1,0.0,sv_2c_buffer_decoal
R12_LAM,gas_ppl,2110,M1,0.0,sv_2c_buffer_decoal
R12_MEA,gas_cc,1980,M1,0.0,sv_2c_buffer_decoal
R12_MEA,gas_cc,1985,M1,0.0,sv_2c_buffer_decoal
R12_MEA,gas_cc,1990,M1,0.0,sv_2c_buffer_decoal
R12_MEA,gas_cc,1995,M1,0.0,sv_2c_buffer_decoal
R12_MEA,gas_cc,2000,M1,0.0,sv_2c_buffer_decoal
R12_MEA,gas_cc,2005,M1,0.0,sv_2c_buffer_decoal
R12_MEA,gas_cc,2010,M1,0.0,sv_2c_buffer_decoal
R12_MEA,gas_cc,2015,M1,0.0,sv_2c_buffer_decoal
R12_MEA,gas_cc,2020,M1,0.0,sv_2c_buffer_decoal
R12_MEA,gas_cc,2025,M1,0.0,sv_2c_buffer_decoal
R12_MEA,gas_cc,2030,M1,190.74951751726425,sv_2c_buffer_decoal
R12_MEA,gas_cc,2035,M1,264.6898220762132,sv_2c_buffer_decoal
R12_MEA,gas_cc,2040,M1,311.45004917920375,sv_2c_buffer_decoal
R12_MEA,gas_cc,2045,M1,258.69783355301934,sv_2c_buffer_decoal
R12_MEA,gas_cc,2050,M1,214.94493355301933,sv_2c_buffer_decoal
R12_MEA,gas_cc,2055,M1,136.42614380612306,sv_2c_buffer_decoal
R12_MEA,gas_cc,2060,M1,19.44079089401835,sv_2c_buffer_decoal
R12_MEA,gas_cc,2070,M1,0.0,sv_2c_buffer_decoal
R12_MEA,gas_cc,2080,M1,0.0,sv_2c_buffer_decoal
R12_MEA,gas_cc,2090,M1,0.0,sv_2c_buffer_decoal
R12_MEA,gas_cc,2100,M1,0.0,sv_2c_buffer_decoal
R12_MEA,gas_cc,2110,M1,0.0,sv_2c_buffer_decoal
R12_MEA,gas_cc_ccs,2030,M1,0.0,sv_2c_buffer_decoal
R12_MEA,gas_cc_ccs,2035,M1,0.0,sv_2c_buffer_decoal
R12_MEA,gas_cc_ccs,2040,M1,0.0,sv_2c_buffer_decoal
R12_MEA,gas_cc_ccs,2045,M1,0.0,sv_2c_buffer_decoal
R12_MEA,gas_cc_ccs,2050,M1,0.0,sv_2c_buffer_decoal
R12_MEA,gas_cc_ccs,2055,M1,0.0,sv_2c_buffer_decoal
R12_MEA,gas_cc_ccs,2060,M1,0.0,sv_2c_buffer_decoal
R12_MEA,gas_cc_ccs,2070,M1,0.0,sv_2c_buffer_decoal
R12_MEA,gas_cc_ccs,2080,M1,0.0,sv_2c_buffer_decoal
R12_MEA,gas_cc_ccs,2090,M1,0.0,sv_2c_buffer_decoal
R12_MEA,gas_cc_ccs,2100,M1,0.0,sv_2c_buffer_decoal
R12_MEA,gas_cc_ccs,2110,M1,0.0,sv_2c_buffer_decoal
R12_MEA,gas_ct,1960,M1,0.0,sv_2c_buffer_decoal
R12_MEA,gas_ct,1965,M1,0.0,sv_2c_buffer_decoal
R12_MEA,gas_ct,1970,M1,0.0,sv_2c_buffer_decoal
R12_MEA,gas_ct,1975,M1,0.0,sv_2c_buffer_decoal
R12_MEA,gas_ct,1980,M1,0.0,sv_2c_buffer_decoal
R12_MEA,gas_ct,1985,M1,0.0,sv_2c_buffer_decoal
R12_MEA,gas_ct,1990,M1,0.0,sv_2c_buffer_decoal
R12_MEA,gas_ct,1995,M1,0.0,sv_2c_buffer_decoal
R12_MEA,gas_ct,2000,M1,0.0,sv_2c_buffer_decoal
R12_MEA,gas_ct,2005,M1,0.0,sv_2c_buffer_decoal
R12_MEA,gas_ct,2010,M1,0.0,sv_2c_buffer_decoal
R12_MEA,gas_ct,2015,M1,0.0,sv_2c_buffer_decoal
R12_MEA,gas_ct,2020,M1,0.0,sv_2c_buffer_decoal
R12_MEA,gas_ct,2025,M1,0.0,sv_2c_buffer_decoal
R12_MEA,gas_ct,2030,M1,15.185362676753776,sv_2c_buffer_decoal
R12_MEA,gas_ct,2035,M1,0.0,sv_2c_buffer_decoal
R12_MEA,gas_ct,2040,M1,0.0,sv_2c_buffer_decoal
R12_MEA,gas_ct,2045,M1,0.0,sv_2c_buffer_decoal
R12_MEA,gas_ct,2050,M1,0.0,sv_2c_buffer_decoal
R12_MEA,gas_ct,2055,M1,0.0,sv_2c_buffer_decoal
R12_MEA,gas_ct,2060,M1,0.0,sv_2c_buffer_decoal
R12_MEA,gas_ct,2070,M1,0.0,sv_2c_buffer_decoal
R12_MEA,gas_ct,2080,M1,0.0,sv_2c_buffer_decoal
R12_MEA,gas_ct,2090,M1,0.0,sv_2c_buffer_decoal
R12_MEA,gas_ct,2100,M1,0.0,sv_2c_buffer_decoal
R12_MEA,gas_ct,2110,M1,0.0,sv_2c_buffer_decoal
R12_MEA,gas_ppl,1960,M1,0.0,sv_2c_buffer_decoal
R12_MEA,gas_ppl,1965,M1,0.0,sv_2c_buffer_decoal
R12_MEA,gas_ppl,1970,M1,0.0,sv_2c_buffer_decoal
R12_MEA,gas_ppl,1975,M1,0.0,sv_2c_buffer_decoal
R12_MEA,gas_ppl,1980,M1,0.0,sv_2c_buffer_decoal
R12_MEA,gas_ppl,1985,M1,0.0,sv_2c_buffer_decoal
R12_MEA,gas_ppl,1990,M1,0.0,sv_2c_buffer_decoal
R12_MEA,gas_ppl,1995,M1,0.0,sv_2c_buffer_decoal
R12_MEA,gas_ppl,2000,M1,0.0,sv_2c_buffer_decoal
R12_MEA,gas_ppl,2005,M1,0.0,sv_2c_buffer_decoal
R12_MEA,gas_ppl,2010,M1,0.0,sv_2c_buffer_decoal
R12_MEA,gas_ppl,2015,M1,0.0,sv_2c_buffer_decoal
R12_MEA,gas_ppl,2020,M1,0.0,sv_2c_buffer_decoal
R12_MEA,gas_ppl,2025,M1,0.0,sv_2c_buffer_decoal
R12_MEA,gas_ppl,2030,M1,0.0,sv_2c_buffer_decoal
R12_MEA,gas_ppl,2035,M1,0.0,sv_2c_buffer_decoal
R12_MEA,gas_ppl,2040,M1,0.0,sv_2c_buffer_decoal
R12_MEA,gas_ppl,2045,M1,0.0,sv_2c_buffer_decoal
R12_MEA,gas_ppl,2050,M1,0.0,sv_2c_buffer_decoal
R12_MEA,gas_ppl,2055,M1,0.0,sv_2c_buffer_decoal
R12_MEA,gas_ppl,2060,M1,0.0,sv_2c_buffer_decoal
R12_MEA,gas_ppl,2070,M1,0.0,sv_2c_buffer_decoal
R12_MEA,gas_ppl,2080,M1,0.0,sv_2c_buffer_decoal
R12_MEA,gas_ppl,2090,M1,0.0,sv_2c_buffer_decoal
R12_MEA,gas_ppl,2100,M1,0.0,sv_2c_buffer_decoal
R12_MEA,gas_ppl,2110,M1,0.0,sv_2c_buffer_decoal
R12_NAM,gas_cc,1960,M1,0.0,sv_2c_buffer_decoal
R12_NAM,gas_cc,1965,M1,0.0,sv_2c_buffer_decoal
R12_NAM,gas_cc,1970,M1,0.0,sv_2c_buffer_decoal
R12_NAM,gas_cc,1975,M1,0.0,sv_2c_buffer_decoal
R12_NAM,gas_cc,1980,M1,0.0,sv_2c_buffer_decoal
R12_NAM,gas_cc,1985,M1,0.0,sv_2c_buffer_decoal
R12_NAM,gas_cc,1990,M1,0.0,sv_2c_buffer_decoal
R12_NAM,gas_cc,1995,M1,0.0,sv_2c_buffer_decoal
R12_NAM,gas_cc,2000,M1,0.0,sv_2c_buffer_decoal
R12_NAM,gas_cc,2005,M1,0.0,sv_2c_buffer_decoal
R12_NAM,gas_cc,2010,M1,0.0,sv_2c_buffer_decoal
R12_NAM,gas_cc,2015,M1,0.0,sv_2c_buffer_decoal
R12_NAM,gas_cc,2020,M1,0.0,sv_2c_buffer_decoal
R12_NAM,gas_cc,2025,M1,0.0,sv_2c_buffer_decoal
R12_NAM,gas_cc,2030,M1,180.2518191092048,sv_2c_buffer_decoal
R12_NAM,gas_cc,2035,M1,201.73833997833736,sv_2c_buffer_decoal
R12_NAM,gas_cc,2040,M1,222.43386162711099,sv_2c_buffer_decoal
R12_NAM,gas_cc,2045,M1,218.45447760663652,sv_2c_buffer_decoal
R12_NAM,gas_cc,2050,M1,153.9054013,sv_2c_buffer_decoal
R12_NAM,gas_cc,2055,M1,80.2498175,sv_2c_buffer_decoal
R12_NAM,gas_cc,2060,M1,32.72945285012613,sv_2c_buffer_decoal
R12_NAM,gas_cc,2070,M1,0.0,sv_2c_buffer_decoal
R12_NAM,gas_cc,2080,M1,0.0,sv_2c_buffer_decoal
R12_NAM,gas_cc,2090,M1,0.0,sv_2c_buffer_decoal
R12_NAM,gas_cc,2100,M1,0.0,sv_2c_buffer_decoal
R12_NAM,gas_cc,2110,M1,0.0,sv_2c_buffer_decoal
R12_NAM,gas_cc_ccs,2030,M1,0.0,sv_2c_buffer_decoal
R12_NAM,gas_cc_ccs,2035,M1,0.0,sv_2c_buffer_decoal
R12_NAM,gas_cc_ccs,2040,M1,0.0,sv_2c_buffer_decoal
R12_NAM,gas_cc_ccs,2045,M1,0.0,sv_2c_buffer_decoal
R12_NAM,gas_cc_ccs,2050,M1,0.0,sv_2c_buffer_decoal
R12_NAM,gas_cc_ccs,2055,M1,0.0,sv_2c_buffer_decoal
R12_NAM,gas_cc_ccs,2060,M1,0.0,sv_2c_buffer_decoal
R12_NAM,gas_cc_ccs,2070,M1,0.0,sv_2c_buffer_decoal
R12_NAM,gas_cc_ccs,2080,M1,0.0,sv_2c_buffer_decoal
R12_NAM,gas_cc_ccs,2090,M1,0.0,sv_2c_buffer_decoal
R12_NAM,gas_cc_ccs,2100,M1,0.0,sv_2c_buffer_decoal
R12_NAM,gas_cc_ccs,2110,M1,0.0,sv_2c_buffer_decoal
R12_NAM,gas_ct,1960,M1,0.0,sv_2c_buffer_decoal
R12_NAM,gas_ct,1965,M1,0.0,sv_2c_buffer_decoal
R12_NAM,gas_ct,1970,M1,0.0,sv_2c_buffer_decoal
R12_NAM,gas_ct,1975,M1,0.0,sv_2c_buffer_decoal
R12_NAM,gas_ct,1980,M1,0.0,sv_2c_buffer_decoal
R12_NAM,gas_ct,1985,M1,0.0,sv_2c_buffer_decoal
R12_NAM,gas_ct,1990,M1,0.0,sv_2c_buffer_decoal
R12_NAM,gas_ct,1995,M1,0.0,sv_2c_buffer_decoal
R12_NAM,gas_ct,2000,M1,0.0,sv_2c_buffer_decoal
R12_NAM,gas_ct,2005,M1,0.0,sv_2c_buffer_decoal
R12_NAM,gas_ct,2010,M1,0.0,sv_2c_buffer_decoal
R12_NAM,gas_ct,2015,M1,0.0,sv_2c_buffer_decoal
R12_NAM,gas_ct,2020,M1,0.0,sv_2c_buffer_decoal
R12_NAM,gas_ct,2025,M1,0.0,sv_2c_buffer_decoal
R12_NAM,gas_ct,2030,M1,0.0,sv_2c_buffer_decoal
R12_NAM,gas_ct,2035,M1,0.0,sv_2c_buffer_decoal
R12_NAM,gas_ct,2040,M1,0.0,sv_2c_buffer_decoal
R12_NAM,gas_ct,2045,M1,0.0,sv_2c_buffer_decoal
R12_NAM,gas_ct,2050,M1,14.354690686312864,sv_2c_buffer_decoal
R12_NAM,gas_ct,2055,M1,23.046557745625922,sv_2c_buffer_decoal
R12_NAM,gas_ct,2060,M1,0.0,sv_2c_buffer_decoal
R12_NAM,gas_ct,2070,M1,0.0,sv_2c_buffer_decoal
R12_NAM,gas_ct,2080,M1,0.0,sv_2c_buffer_decoal
R12_NAM,gas_ct,2090,M1,0.0,sv_2c_buffer_decoal
R12_NAM,gas_ct,2100,M1,0.0,sv_2c_buffer_decoal
R12_NAM,gas_ct,2110,M1,0.0,sv_2c_buffer_decoal
R12_NAM,gas_ppl,1960,M1,0.0,sv_2c_buffer_decoal
R12_NAM,gas_ppl,1965,M1,0.0,sv_2c_buffer_decoal
R12_NAM,gas_ppl,1970,M1,0.0,sv_2c_buffer_decoal
R12_NAM,gas_ppl,1975,M1,0.0,sv_2c_buffer_decoal
R12_NAM,gas_ppl,1980,M1,0.0,sv_2c_buffer_decoal
R12_NAM,gas_ppl,1985,M1,0.0,sv_2c_buffer_decoal
R12_NAM,gas_ppl,1990,M1,0.0,sv_2c_buffer_decoal
R12_NAM,gas_ppl,1995,M1,0.0,sv_2c_buffer_decoal
R12_NAM,gas_ppl,2000,M1,0.0,sv_2c_buffer_decoal
R12_NAM,gas_ppl,2005,M1,0.0,sv_2c_buffer_decoal
R12_NAM,gas_ppl,2010,M1,0.0,sv_2c_buffer_decoal
R12_NAM,gas_ppl,2015,M1,0.0,sv_2c_buffer_decoal
R12_NAM,gas_ppl,2020,M1,0.0,sv_2c_buffer_decoal
R12_NAM,gas_ppl,2025,M1,0.0,sv_2c_buffer_decoal
R12_NAM,gas_ppl,2030,M1,0.0,sv_2c_buffer_decoal
R12_NAM,gas_ppl,2035,M1,0.0,sv_2c_buffer_decoal
R12_NAM,gas_ppl,2040,M1,0.0,sv_2c_buffer_decoal
R12_NAM,gas_ppl,2045,M1,0.0,sv_2c_buffer_decoal
R12_NAM,gas_ppl,2050,M1,0.0,sv_2c_buffer_decoal
R12_NAM,gas_ppl,2055,M1,0.0,sv_2c_buffer_decoal
R12_NAM,gas_ppl,2060,M1,0.0,sv_2c_buffer_decoal
R12_NAM,gas_ppl,2070,M1,0.0,sv_2c_buffer_decoal
R12_NAM,gas_ppl,2080,M1,0.0,sv_2c_buffer_decoal
R12_NAM,gas_ppl,2090,M1,0.0,sv_2c_buffer_decoal
R12_NAM,gas_ppl,2100,M1,0.0,sv_2c_buffer_decoal
R12_NAM,gas_ppl,2110,M1,0.0,sv_2c_buffer_decoal
R12_PAO,gas_cc,1970,M1,0.0,sv_2c_buffer_decoal
R12_PAO,gas_cc,1975,M1,0.0,sv_2c_buffer_decoal
R12_PAO,gas_cc,1980,M1,0.0,sv_2c_buffer_decoal
R12_PAO,gas_cc,1985,M1,0.0,sv_2c_buffer_decoal
R12_PAO,gas_cc,1990,M1,0.0,sv_2c_buffer_decoal
R12_PAO,gas_cc,1995,M1,0.0,sv_2c_buffer_decoal
R12_PAO,gas_cc,2000,M1,0.0,sv_2c_buffer_decoal
R12_PAO,gas_cc,2005,M1,0.0,sv_2c_buffer_decoal
R12_PAO,gas_cc,2010,M1,0.0,sv_2c_buffer_decoal
R12_PAO,gas_cc,2015,M1,0.0,sv_2c_buffer_decoal
R12_PAO,gas_cc,2020,M1,0.0,sv_2c_buffer_decoal
R12_PAO,gas_cc,2025,M1,0.0,sv_2c_buffer_decoal
R12_PAO,gas_cc,2030,M1,44.4428913723528,sv_2c_buffer_decoal
R12_PAO,gas_cc,2035,M1,50.1476598,sv_2c_buffer_decoal
R12_PAO,gas_cc,2040,M1,60.73396001026248,sv_2c_buffer_decoal
R12_PAO,gas_cc,2045,M1,50.40345932214232,sv_2c_buffer_decoal
R12_PAO,gas_cc,2050,M1,27.98271182214232,sv_2c_buffer_decoal
R12_PAO,gas_cc,2055,M1,18.70785182214232,sv_2c_buffer_decoal
R12_PAO,gas_cc,2060,M1,8.672083212129772,sv_2c_buffer_decoal
R12_PAO,gas_cc,2070,M1,0.0,sv_2c_buffer_decoal
R12_PAO,gas_cc,2080,M1,0.0,sv_2c_buffer_decoal
R12_PAO,gas_cc,2090,M1,0.0,sv_2c_buffer_decoal
R12_PAO,gas_cc,2100,M1,0.0,sv_2c_buffer_decoal
R12_PAO,gas_cc,2110,M1,0.0,sv_2c_buffer_decoal
R12_PAO,gas_cc_ccs,2030,M1,0.0,sv_2c_buffer_decoal
R12_PAO,gas_cc_ccs,2035,M1,0.0,sv_2c_buffer_decoal
R12_PAO,gas_cc_ccs,2040,M1,0.0,sv_2c_buffer_decoal
R12_PAO,gas_cc_ccs,2045,M1,0.0,sv_2c_buffer_decoal
R12_PAO,gas_cc_ccs,2050,M1,0.0,sv_2c_buffer_decoal
R12_PAO,gas_cc_ccs,2055,M1,0.0,sv_2c_buffer_decoal
R12_PAO,gas_cc_ccs,2060,M1,0.0,sv_2c_buffer_decoal
R12_PAO,gas_cc_ccs,2070,M1,0.0,sv_2c_buffer_decoal
R12_PAO,gas_cc_ccs,2080,M1,0.0,sv_2c_buffer_decoal
R12_PAO,gas_cc_ccs,2090,M1,0.0,sv_2c_buffer_decoal
R12_PAO,gas_cc_ccs,2100,M1,0.0,sv_2c_buffer_decoal
R12_PAO,gas_cc_ccs,2110,M1,0.0,sv_2c_buffer_decoal
R12_PAO,gas_ct,1965,M1,0.0,sv_2c_buffer_decoal
R12_PAO,gas_ct,1970,M1,0.0,sv_2c_buffer_decoal
R12_PAO,gas_ct,1975,M1,0.0,sv_2c_buffer_decoal
R12_PAO,gas_ct,1980,M1,0.0,sv_2c_buffer_decoal
R12_PAO,gas_ct,1985,M1,0.0,sv_2c_buffer_decoal
R12_PAO,gas_ct,1990,M1,0.0,sv_2c_buffer_decoal
R12_PAO,gas_ct,1995,M1,0.0,sv_2c_buffer_decoal
R12_PAO,gas_ct,2000,M1,0.0,sv_2c_buffer_decoal
R12_PAO,gas_ct,2005,M1,0.0,sv_2c_buffer_decoal
R12_PAO,gas_ct,2010,M1,0.0,sv_2c_buffer_decoal
R12_PAO,gas_ct,2015,M1,0.0,sv_2c_buffer_decoal
R12_PAO,gas_ct,2020,M1,0.0,sv_2c_buffer_decoal
R12_PAO,gas_ct,2025,M1,0.0,sv_2c_buffer_decoal
R12_PAO,gas_ct,2030,M1,0.0,sv_2c_buffer_decoal
R12_PAO,gas_ct,2035,M1,0.0,sv_2c_buffer_decoal
R12_PAO,gas_ct,2040,M1,0.0,sv_2c_buffer_decoal
R12_PAO,gas_ct,2045,M1,0.0,sv_2c_buffer_decoal
R12_PAO,gas_ct,2050,M1,3.3660031237239307,sv_2c_buffer_decoal
R12_PAO,gas_ct,2055,M1,0.0,sv_2c_buffer_decoal
R12_PAO,gas_ct,2060,M1,0.0,sv_2c_buffer_decoal
R12_PAO,gas_ct,2070,M1,0.0,sv_2c_buffer_decoal
R12_PAO,gas_ct,2080,M1,0.0,sv_2c_buffer_decoal
R12_PAO,gas_ct,2090,M1,0.0,sv_2c_buffer_decoal
R12_PAO,gas_ct,2100,M1,0.0,sv_2c_buffer_decoal
R12_PAO,gas_ct,2110,M1,0.0,sv_2c_buffer_decoal
R12_PAO,gas_ppl,1960,M1,0.0,sv_2c_buffer_decoal
R12_PAO,gas_ppl,1965,M1,0.0,sv_2c_buffer_decoal
R12_PAO,gas_ppl,1970,M1,0.0,sv_2c_buffer_decoal
R12_PAO,gas_ppl,1975,M1,0.0,sv_2c_buffer_decoal
R12_PAO,gas_ppl,1980,M1,0.0,sv_2c_buffer_decoal
R12_PAO,gas_ppl,1985,M1,0.0,sv_2c_buffer_decoal
R12_PAO,gas_ppl,1990,M1,0.0,sv_2c_buffer_decoal
R12_PAO,gas_ppl,1995,M1,0.0,sv_2c_buffer_decoal
R12_PAO,gas_ppl,2000,M1,0.0,sv_2c_buffer_decoal
R12_PAO,gas_ppl,2005,M1,0.0,sv_2c_buffer_decoal
R12_PAO,gas_ppl,2010,M1,0.0,sv_2c_buffer_decoal
R12_PAO,gas_ppl,2015,M1,0.0,sv_2c_buffer_decoal
R12_PAO,gas_ppl,2020,M1,0.0,sv_2c_buffer_decoal
R12_PAO,gas_ppl,2025,M1,0.0,sv_2c_buffer_decoal
R12_PAO,gas_ppl,2030,M1,0.0,sv_2c_buffer_decoal
R12_PAO,gas_ppl,2035,M1,0.0,sv_2c_buffer_decoal
R12_PAO,gas_ppl,2040,M1,0.0,sv_2c_buffer_decoal
R12_PAO,gas_ppl,2045,M1,0.0,sv_2c_buffer_decoal
R12_PAO,gas_ppl,2050,M1,0.0,sv_2c_buffer_decoal
R12_PAO,gas_ppl,2055,M1,0.0,sv_2c_buffer_decoal
R12_PAO,gas_ppl,2060,M1,0.0,sv_2c_buffer_decoal
R12_PAO,gas_ppl,2070,M1,0.0,sv_2c_buffer_decoal
R12_PAO,gas_ppl,2080,M1,0.0,sv_2c_buffer_decoal
R12_PAO,gas_ppl,2090,M1,0.0,sv_2c_buffer_decoal
R12_PAO,gas_ppl,2100,M1,0.0,sv_2c_buffer_decoal
R12_PAO,gas_ppl,2110,M1,0.0,sv_2c_buffer_decoal
R12_PAS,gas_cc,1985,M1,0.0,sv_2c_buffer_decoal
R12_PAS,gas_cc,1990,M1,0.0,sv_2c_buffer_decoal
R12_PAS,gas_cc,1995,M1,0.0,sv_2c_buffer_decoal
R12_PAS,gas_cc,2000,M1,0.0,sv_2c_buffer_decoal
R12_PAS,gas_cc,2005,M1,0.0,sv_2c_buffer_decoal
R12_PAS,gas_cc,2010,M1,0.0,sv_2c_buffer_decoal
R12_PAS,gas_cc,2015,M1,0.0,sv_2c_buffer_decoal
R12_PAS,gas_cc,2020,M1,0.0,sv_2c_buffer_decoal
R12_PAS,gas_cc,2025,M1,0.0,sv_2c_buffer_decoal
R12_PAS,gas_cc,2030,M1,88.27436990815872,sv_2c_buffer_decoal
R12_PAS,gas_cc,2035,M1,80.4655954517601,sv_2c_buffer_decoal
R12_PAS,gas_cc,2040,M1,66.52698782130348,sv_2c_buffer_decoal
R12_PAS,gas_cc,2045,M1,46.30614479781552,sv_2c_buffer_decoal
R12_PAS,gas_cc,2050,M1,29.99387997296589,sv_2c_buffer_decoal
R12_PAS,gas_cc,2055,M1,15.313110974144553,sv_2c_buffer_decoal
R12_PAS,gas_cc,2060,M1,0.0,sv_2c_buffer_decoal
R12_PAS,gas_cc,2070,M1,0.0,sv_2c_buffer_decoal
R12_PAS,gas_cc,2080,M1,0.0,sv_2c_buffer_decoal
R12_PAS,gas_cc,2090,M1,0.0,sv_2c_buffer_decoal
R12_PAS,gas_cc,2100,M1,0.0,sv_2c_buffer_decoal
R12_PAS,gas_cc,2110,M1,0.0,sv_2c_buffer_decoal
R12_PAS,gas_cc_ccs,2030,M1,0.0,sv_2c_buffer_decoal
R12_PAS,gas_cc_ccs,2035,M1,0.0,sv_2c_buffer_decoal
R12_PAS,gas_cc_ccs,2040,M1,0.0,sv_2c_buffer_decoal
R12_PAS,gas_cc_ccs,2045,M1,0.0,sv_2c_buffer_decoal
R12_PAS,gas_cc_ccs,2050,M1,0.0,sv_2c_buffer_decoal
R12_PAS,gas_cc_ccs,2055,M1,0.0,sv_2c_buffer_decoal
R12_PAS,gas_cc_ccs,2060,M1,0.0,sv_2c_buffer_decoal
R12_PAS,gas_cc_ccs,2070,M1,0.0,sv_2c_buffer_decoal
R12_PAS,gas_cc_ccs,2080,M1,0.0,sv_2c_buffer_decoal
R12_PAS,gas_cc_ccs,2090,M1,0.0,sv_2c_buffer_decoal
R12_PAS,gas_cc_ccs,2100,M1,0.0,sv_2c_buffer_decoal
R12_PAS,gas_cc_ccs,2110,M1,0.0,sv_2c_buffer_decoal
R12_PAS,gas_ct,1970,M1,0.0,sv_2c_buffer_decoal
R12_PAS,gas_ct,1975,M1,0.0,sv_2c_buffer_decoal
R12_PAS,gas_ct,1980,M1,0.0,sv_2c_buffer_decoal
R12_PAS,gas_ct,1985,M1,0.0,sv_2c_buffer_decoal
R12_PAS,gas_ct,1990,M1,0.0,sv_2c_buffer_decoal
R12_PAS,gas_ct,1995,M1,0.0,sv_2c_buffer_decoal
R12_PAS,gas_ct,2000,M1,0.0,sv_2c_buffer_decoal
R12_PAS,gas_ct,2005,M1,0.0,sv_2c_buffer_decoal
R12_PAS,gas_ct,2010,M1,0.0,sv_2c_buffer_decoal
R12_PAS,gas_ct,2015,M1,0.0,sv_2c_buffer_decoal
R12_PAS,gas_ct,2020,M1,0.0,sv_2c_buffer_decoal
R12_PAS,gas_ct,2025,M1,0.0,sv_2c_buffer_decoal
R12_PAS,gas_ct,2030,M1,0.0,sv_2c_buffer_decoal
R12_PAS,gas_ct,2035,M1,0.0,sv_2c_buffer_decoal
R12_PAS,gas_ct,2040,M1,0.0,sv_2c_buffer_decoal
R12_PAS,gas_ct,2045,M1,0.0,sv_2c_buffer_decoal
R12_PAS,gas_ct,2050,M1,0.0,sv_2c_buffer_decoal
R12_PAS,gas_ct,2055,M1,0.0,sv_2c_buffer_decoal
R12_PAS,gas_ct,2060,M1,0.0,sv_2c_buffer_decoal
R12_PAS,gas_ct,2070,M1,0.0,sv_2c_buffer_decoal
R12_PAS,gas_ct,2080,M1,0.0,sv_2c_buffer_decoal
R12_PAS,gas_ct,2090,M1,0.0,sv_2c_buffer_decoal
R12_PAS,gas_ct,2100,M1,0.0,sv_2c_buffer_decoal
R12_PAS,gas_ct,2110,M1,0.0,sv_2c_buffer_decoal
R12_PAS,gas_ppl,1970,M1,0.0,sv_2c_buffer_decoal
R12_PAS,gas_ppl,1975,M1,0.0,sv_2c_buffer_decoal
R12_PAS,gas_ppl,1980,M1,0.0,sv_2c_buffer_decoal
R12_PAS,gas_ppl,1985,M1,0.0,sv_2c_buffer_decoal
R12_PAS,gas_ppl,1990,M1,0.0,sv_2c_buffer_decoal
R12_PAS,gas_ppl,1995,M1,0.0,sv_2c_buffer_decoal
R12_PAS,gas_ppl,2000,M1,0.0,sv_2c_buffer_decoal
R12_PAS,gas_ppl,2005,M1,0.0,sv_2c_buffer_decoal
R12_PAS,gas_ppl,2010,M1,0.0,sv_2c_buffer_decoal
R12_PAS,gas_ppl,2015,M1,0.0,sv_2c_buffer_decoal
R12_PAS,gas_ppl,2020,M1,0.0,sv_2c_buffer_decoal
R12_PAS,gas_ppl,2025,M1,0.0,sv_2c_buffer_decoal
R12_PAS,gas_ppl,2030,M1,0.0,sv_2c_buffer_decoal
R12_PAS,gas_ppl,2035,M1,0.0,sv_2c_buffer_decoal
R12_PAS,gas_ppl,2040,M1,0.0,sv_2c_buffer_decoal
R12_PAS,gas_ppl,2045,M1,0.0,sv_2c_buffer_decoal
R12_PAS,gas_ppl,2050,M1,0.0,sv_2c_buffer_decoal
R12_PAS,gas_ppl,2055,M1,0.0,sv_2c_buffer_decoal
R12_PAS,gas_ppl,2060,M1,0.0,sv_2c_buffer_decoal
R12_PAS,gas_ppl,2070,M1,0.0,sv_2c_buffer_decoal
R12_PAS,gas_ppl,2080,M1,0.0,sv_2c_buffer_decoal
R12_PAS,gas_ppl,2090,M1,0.0,sv_2c_buffer_decoal
R12_PAS,gas_ppl,2100,M1,0.0,sv_2c_buffer_decoal
R12_PAS,gas_ppl,2110,M1,0.0,sv_2c_buffer_decoal
R12_RCPA,gas_cc,1980,M1,0.0,sv_2c_buffer_decoal
R12_RCPA,gas_cc,1985,M1,0.0,sv_2c_buffer_decoal
R12_RCPA,gas_cc,1990,M1,0.0,sv_2c_buffer_decoal
R12_RCPA,gas_cc,1995,M1,0.0,sv_2c_buffer_decoal
R12_RCPA,gas_cc,2000,M1,0.0,sv_2c_buffer_decoal
R12_RCPA,gas_cc,2005,M1,0.0,sv_2c_buffer_decoal
R12_RCPA,gas_cc,2010,M1,0.0,sv_2c_buffer_decoal
R12_RCPA,gas_cc,2015,M1,0.0,sv_2c_buffer_decoal
R12_RCPA,gas_cc,2020,M1,0.0,sv_2c_buffer_decoal
R12_RCPA,gas_cc,2025,M1,0.0,sv_2c_buffer_decoal
R12_RCPA,gas_cc,2030,M1,21.306410044377017,sv_2c_buffer_decoal
R12_RCPA,gas_cc,2035,M1,35.94365538793124,sv_2c_buffer_decoal
R12_RCPA,gas_cc,2040,M1,42.37038815378142,sv_2c_buffer_decoal
R12_RCPA,gas_cc,2045,M1,40.07538815378142,sv_2c_buffer_decoal
R12_RCPA,gas_cc,2050,M1,28.416476135099106,sv_2c_buffer_decoal
R12_RCPA,gas_cc,2055,M1,5.818898561066803,sv_2c_buffer_decoal
R12_RCPA,gas_cc,2060,M1,0.0,sv_2c_buffer_decoal
R12_RCPA,gas_cc,2070,M1,0.0,sv_2c_buffer_decoal
R12_RCPA,gas_cc,2080,M1,0.0,sv_2c_buffer_decoal
R12_RCPA,gas_cc,2090,M1,0.0,sv_2c_buffer_decoal
R12_RCPA,gas_cc,2100,M1,0.0,sv_2c_buffer_decoal
R12_RCPA,gas_cc,2110,M1,0.0,sv_2c_buffer_decoal
R12_RCPA,gas_cc_ccs,2030,M1,0.0,sv_2c_buffer_decoal
R12_RCPA,gas_cc_ccs,2035,M1,0.0,sv_2c_buffer_decoal
R12_RCPA,gas_cc_ccs,2040,M1,0.0,sv_2c_buffer_decoal
R12_RCPA,gas_cc_ccs,2045,M1,0.0,sv_2c_buffer_decoal
R12_RCPA,gas_cc_ccs,2050,M1,0.0,sv_2c_buffer_decoal
R12_RCPA,gas_cc_ccs,2055,M1,0.0,sv_2c_buffer_decoal
R12_RCPA,gas_cc_ccs,2060,M1,0.0,sv_2c_buffer_decoal
R12_RCPA,gas_cc_ccs,2070,M1,0.0,sv_2c_buffer_decoal
R12_RCPA,gas_cc_ccs,2080,M1,0.0,sv_2c_buffer_decoal
R12_RCPA,gas_cc_ccs,2090,M1,0.0,sv_2c_buffer_decoal
R12_RCPA,gas_cc_ccs,2100,M1,0.0,sv_2c_buffer_decoal
R12_RCPA,gas_cc_ccs,2110,M1,0.0,sv_2c_buffer_decoal
R12_RCPA,gas_ct,1970,M1,0.0,sv_2c_buffer_decoal
R12_RCPA,gas_ct,1975,M1,0.0,sv_2c_buffer_decoal
R12_RCPA,gas_ct,1980,M1,0.0,sv_2c_buffer_decoal
R12_RCPA,gas_ct,1985,M1,0.0,sv_2c_buffer_decoal
R12_RCPA,gas_ct,1990,M1,0.0,sv_2c_buffer_decoal
R12_RCPA,gas_ct,1995,M1,0.0,sv_2c_buffer_decoal
R12_RCPA,gas_ct,2000,M1,0.0,sv_2c_buffer_decoal
R12_RCPA,gas_ct,2005,M1,0.0,sv_2c_buffer_decoal
R12_RCPA,gas_ct,2010,M1,0.0,sv_2c_buffer_decoal
R12_RCPA,gas_ct,2015,M1,0.0,sv_2c_buffer_decoal
R12_RCPA,gas_ct,2020,M1,0.0,sv_2c_buffer_decoal
R12_RCPA,gas_ct,2025,M1,0.0,sv_2c_buffer_decoal
R12_RCPA,gas_ct,2030,M1,0.13338791013481544,sv_2c_buffer_decoal
R12_RCPA,gas_ct,2035,M1,0.0,sv_2c_buffer_decoal
R12_RCPA,gas_ct,2040,M1,0.0,sv_2c_buffer_decoal
R12_RCPA,gas_ct,2045,M1,0.0,sv_2c_buffer_decoal
R12_RCPA,gas_ct,2050,M1,0.0,sv_2c_buffer_decoal
R12_RCPA,gas_ct,2055,M1,0.0,sv_2c_buffer_decoal
R12_RCPA,gas_ct,2060,M1,0.0,sv_2c_buffer_decoal
R12_RCPA,gas_ct,2070,M1,0.0,sv_2c_buffer_decoal
R12_RCPA,gas_ct,2080,M1,0.0,sv_2c_buffer_decoal
R12_RCPA,gas_ct,2090,M1,0.0,sv_2c_buffer_decoal
R12_RCPA,gas_ct,2100,M1,0.0,sv_2c_buffer_decoal
R12_RCPA,gas_ct,2110,M1,0.0,sv_2c_buffer_decoal
R12_RCPA,gas_ppl,1970,M1,0.0,sv_2c_buffer_decoal
R12_RCPA,gas_ppl,1975,M1,0.0,sv_2c_buffer_decoal
R12_RCPA,gas_ppl,1980,M1,0.0,sv_2c_buffer_decoal
R12_RCPA,gas_ppl,1985,M1,0.0,sv_2c_buffer_decoal
R12_RCPA,gas_ppl,1990,M1,0.0,sv_2c_buffer_decoal
R12_RCPA,gas_ppl,1995,M1,0.0,sv_2c_buffer_decoal
R12_RCPA,gas_ppl,2000,M1,0.0,sv_2c_buffer_decoal
R12_RCPA,gas_ppl,2005,M1,0.0,sv_2c_buffer_decoal
R12_RCPA,gas_ppl,2010,M1,0.0,sv_2c_buffer_decoal
R12_RCPA,gas_ppl,2015,M1,0.0,sv_2c_buffer_decoal
R12_RCPA,gas_ppl,2020,M1,0.0,sv_2c_buffer_decoal
R12_RCPA,gas_ppl,2025,M1,0.0,sv_2c_buffer_decoal
R12_RCPA,gas_ppl,2030,M1,0.0,sv_2c_buffer_decoal
R12_RCPA,gas_ppl,2035,M1,0.0,sv_2c_buffer_decoal
R12_RCPA,gas_ppl,2040,M1,0.0,sv_2c_buffer_decoal
R12_RCPA,gas_ppl,2045,M1,0.0,sv_2c_buffer_decoal
R12_RCPA,gas_ppl,2050,M1,0.0,sv_2c_buffer_decoal
R12_RCPA,gas_ppl,2055,M1,0.0,sv_2c_buffer_decoal
R12_RCPA,gas_ppl,2060,M1,0.0,sv_2c_buffer_decoal
R12_RCPA,gas_ppl,2070,M1,0.0,sv_2c_buffer_decoal
R12_RCPA,gas_ppl,2080,M1,0.0,sv_2c_buffer_decoal
R12_RCPA,gas_ppl,2090,M1,0.0,sv_2c_buffer_decoal
R12_RCPA,gas_ppl,2100,M1,0.0,sv_2c_buffer_decoal
R12_RCPA,gas_ppl,2110,M1,0.0,sv_2c_buffer_decoal
R12_SAS,gas_cc,1965,M1,0.0,sv_2c_buffer_decoal
R12_SAS,gas_cc,1970,M1,0.0,sv_2c_buffer_decoal
R12_SAS,gas_cc,1975,M1,0.0,sv_2c_buffer_decoal
R12_SAS,gas_cc,1980,M1,0.0,sv_2c_buffer_decoal
R12_SAS,gas_cc,1985,M1,0.0,sv_2c_buffer_decoal
R12_SAS,gas_cc,1990,M1,0.0,sv_2c_buffer_decoal
R12_SAS,gas_cc,1995,M1,0.0,sv_2c_buffer_decoal
R12_SAS,gas_cc,2000,M1,0.0,sv_2c_buffer_decoal
R12_SAS,gas_cc,2005,M1,0.0,sv_2c_buffer_decoal
R12_SAS,gas_cc,2010,M1,0.0,sv_2c_buffer_decoal
R12_SAS,gas_cc,2015,M1,0.0,sv_2c_buffer_decoal
R12_SAS,gas_cc,2020,M1,0.0,sv_2c_buffer_decoal
R12_SAS,gas_cc,2025,M1,0.0,sv_2c_buffer_decoal
R12_SAS,gas_cc,2030,M1,43.97068385884114,sv_2c_buffer_decoal
R12_SAS,gas_cc,2035,M1,70.47751484026948,sv_2c_buffer_decoal
R12_SAS,gas_cc,2040,M1,92.15940526145607,sv_2c_buffer_decoal
R12_SAS,gas_cc,2045,M1,98.72747144207325,sv_2c_buffer_decoal
R12_SAS,gas_cc,2050,M1,55.86033456350246,sv_2c_buffer_decoal
R12_SAS,gas_cc,2055,M1,33.54363533100777,sv_2c_buffer_decoal
R12_SAS,gas_cc,2060,M1,0.0,sv_2c_buffer_decoal
R12_SAS,gas_cc,2070,M1,0.0,sv_2c_buffer_decoal
R12_SAS,gas_cc,2080,M1,0.0,sv_2c_buffer_decoal
R12_SAS,gas_cc,2090,M1,0.0,sv_2c_buffer_decoal
R12_SAS,gas_cc,2100,M1,0.0,sv_2c_buffer_decoal
R12_SAS,gas_cc,2110,M1,0.0,sv_2c_buffer_decoal
R12_SAS,gas_cc_ccs,2030,M1,0.0,sv_2c_buffer_decoal
R12_SAS,gas_cc_ccs,2035,M1,0.0,sv_2c_buffer_decoal
R12_SAS,gas_cc_ccs,2040,M1,0.0,sv_2c_buffer_decoal
R12_SAS,gas_cc_ccs,2045,M1,0.0,sv_2c_buffer_decoal
R12_SAS,gas_cc_ccs,2050,M1,0.0,sv_2c_buffer_decoal
R12_SAS,gas_cc_ccs,2055,M1,0.0,sv_2c_buffer_decoal
R12_SAS,gas_cc_ccs,2060,M1,0.0,sv_2c_buffer_decoal
R12_SAS,gas_cc_ccs,2070,M1,0.0,sv_2c_buffer_decoal
R12_SAS,gas_cc_ccs,2080,M1,0.0,sv_2c_buffer_decoal
R12_SAS,gas_cc_ccs,2090,M1,0.0,sv_2c_buffer_decoal
R12_SAS,gas_cc_ccs,2100,M1,0.0,sv_2c_buffer_decoal
R12_SAS,gas_cc_ccs,2110,M1,0.0,sv_2c_buffer_decoal
R12_SAS,gas_ct,1970,M1,0.0,sv_2c_buffer_decoal
R12_SAS,gas_ct,1975,M1,0.0,sv_2c_buffer_decoal
R12_SAS,gas_ct,1980,M1,0.0,sv_2c_buffer_decoal
R12_SAS,gas_ct,1985,M1,0.0,sv_2c_buffer_decoal
R12_SAS,gas_ct,1990,M1,0.0,sv_2c_buffer_decoal
R12_SAS,gas_ct,1995,M1,0.0,sv_2c_buffer_decoal
R12_SAS,gas_ct,2000,M1,0.0,sv_2c_buffer_decoal
R12_SAS,gas_ct,2005,M1,0.0,sv_2c_buffer_decoal
R12_SAS,gas_ct,2010,M1,0.0,sv_2c_buffer_decoal
R12_SAS,gas_ct,2015,M1,0.0,sv_2c_buffer_decoal
R12_SAS,gas_ct,2020,M1,0.0,sv_2c_buffer_decoal
R12_SAS,gas_ct,2025,M1,0.0,sv_2c_buffer_decoal
R12_SAS,gas_ct,2030,M1,43.957795937851245,sv_2c_buffer_decoal
R12_SAS,gas_ct,2035,M1,36.90867730153565,sv_2c_buffer_decoal
R12_SAS,gas_ct,2040,M1,22.353005810380196,sv_2c_buffer_decoal
R12_SAS,gas_ct,2045,M1,0.0,sv_2c_buffer_decoal
R12_SAS,gas_ct,2050,M1,0.0,sv_2c_buffer_decoal
R12_SAS,gas_ct,2055,M1,0.0,sv_2c_buffer_decoal
R12_SAS,gas_ct,2060,M1,0.0,sv_2c_buffer_decoal
R12_SAS,gas_ct,2070,M1,0.0,sv_2c_buffer_decoal
R12_SAS,gas_ct,2080,M1,0.0,sv_2c_buffer_decoal
R12_SAS,gas_ct,2090,M1,0.0,sv_2c_buffer_decoal
R12_SAS,gas_ct,2100,M1,0.0,sv_2c_buffer_decoal
R12_SAS,gas_ct,2110,M1,0.0,sv_2c_buffer_decoal
R12_SAS,gas_ppl,1960,M1,0.0,sv_2c_buffer_decoal
R12_SAS,gas_ppl,1965,M1,0.0,sv_2c_buffer_decoal
R12_SAS,gas_ppl,1970,M1,0.0,sv_2c_buffer_decoal
R12_SAS,gas_ppl,1975,M1,0.0,sv_2c_buffer_decoal
R12_SAS,gas_ppl,1980,M1,0.0,sv_2c_buffer_decoal
R12_SAS,gas_ppl,1985,M1,0.0,sv_2c_buffer_decoal
R12_SAS,gas_ppl,1990,M1,0.0,sv_2c_buffer_decoal
R12_SAS,gas_ppl,1995,M1,0.0,sv_2c_buffer_decoal
R12_SAS,gas_ppl,2000,M1,0.0,sv_2c_buffer_decoal
R12_SAS,gas_ppl,2005,M1,0.0,sv_2c_buffer_decoal
R12_SAS,gas_ppl,2010,M1,0.0,sv_2c_buffer_decoal
R12_SAS,gas_ppl,2015,M1,0.0,sv_2c_buffer_decoal
R12_SAS,gas_ppl,2020,M1,0.0,sv_2c_buffer_decoal
R12_SAS,gas_ppl,2025,M1,0.0,sv_2c_buffer_decoal
R12_SAS,gas_ppl,2030,M1,0.0,sv_2c_buffer_decoal
R12_SAS,gas_ppl,2035,M1,0.0,sv_2c_buffer_decoal
R12_SAS,gas_ppl,2040,M1,0.0,sv_2c_buffer_decoal
R12_SAS,gas_ppl,2045,M1,0.0,sv_2c_buffer_decoal
R12_SAS,gas_ppl,2050,M1,0.0,sv_2c_buffer_decoal
R12_SAS,gas_ppl,2055,M1,0.0,sv_2c_buffer_decoal
R12_SAS,gas_ppl,2060,M1,0.0,sv_2c_buffer_decoal
R12_SAS,gas_ppl,2070,M1,0.0,sv_2c_buffer_decoal
R12_SAS,gas_ppl,2080,M1,0.0,sv_2c_buffer_decoal
R12_SAS,gas_ppl,2090,M1,0.0,sv_2c_buffer_decoal
R12_SAS,gas_ppl,2100,M1,0.0,sv_2c_buffer_decoal
R12_SAS,gas_ppl,2110,M1,0.0,sv_2c_buffer_decoal
R12_WEU,gas_cc,1960,M1,0.0,sv_2c_buffer_decoal
R12_WEU,gas_cc,1965,M1,0.0,sv_2c_buffer_decoal
R12_WEU,gas_cc,1970,M1,0.0,sv_2c_buffer_decoal
R12_WEU,gas_cc,1975,M1,0.0,sv_2c_buffer_decoal
R12_WEU,gas_cc,1980,M1,0.0,sv_2c_buffer_decoal
R12_WEU,gas_cc,1985,M1,0.0,sv_2c_buffer_decoal
R12_WEU,gas_cc,1990,M1,0.0,sv_2c_buffer_decoal
R12_WEU,gas_cc,1995,M1,0.0,sv_2c_buffer_decoal
R12_WEU,gas_cc,2000,M1,0.0,sv_2c_buffer_decoal
R12_WEU,gas_cc,2005,M1,0.0,sv_2c_buffer_decoal
R12_WEU,gas_cc,2010,M1,0.0,sv_2c_buffer_decoal
R12_WEU,gas_cc,2015,M1,0.0,sv_2c_buffer_decoal
R12_WEU,gas_cc,2020,M1,0.0,sv_2c_buffer_decoal
R12_WEU,gas_cc,2025,M1,0.0,sv_2c_buffer_decoal
R12_WEU,gas_cc,2030,M1,111.63114011209393,sv_2c_buffer_decoal
R12_WEU,gas_cc,2035,M1,143.5465812375,sv_2c_buffer_decoal
R12_WEU,gas_cc,2040,M1,151.95655065367353,sv_2c_buffer_decoal
R12_WEU,gas_cc,2045,M1,142.0906852,sv_2c_buffer_decoal
R12_WEU,gas_cc,2050,M1,76.39692442660267,sv_2c_buffer_decoal
R12_WEU,gas_cc,2055,M1,0.0,sv_2c_buffer_decoal
R12_WEU,gas_cc,2060,M1,0.0,sv_2c_buffer_decoal
R12_WEU,gas_cc,2070,M1,0.0,sv_2c_buffer_decoal
R12_WEU,gas_cc,2080,M1,0.0,sv_2c_buffer_decoal
R12_WEU,gas_cc,2090,M1,0.0,sv_2c_buffer_decoal
R12_WEU,gas_cc,2100,M1,0.0,sv_2c_buffer_decoal
R12_WEU,gas_cc,2110,M1,0.0,sv_2c_buffer_decoal
R12_WEU,gas_cc_ccs,2030,M1,0.0,sv_2c_buffer_decoal
R12_WEU,gas_cc_ccs,2035,M1,0.0,sv_2c_buffer_decoal
R12_WEU,gas_cc_ccs,2040,M1,0.0,sv_2c_buffer_decoal
R12_WEU,gas_cc_ccs,2045,M1,0.0,sv_2c_buffer_decoal
R12_WEU,gas_cc_ccs,2050,M1,0.0,sv_2c_buffer_decoal
R12_WEU,gas_cc_ccs,2055,M1,0.0,sv_2c_buffer_decoal
R12_WEU,gas_cc_ccs,2060,M1,0.0,sv_2c_buffer_decoal
R12_WEU,gas_cc_ccs,2070,M1,0.0,sv_2c_buffer_decoal
R12_WEU,gas_cc_ccs,2080,M1,0.0,sv_2c_buffer_decoal
R12_WEU,gas_cc_ccs,2090,M1,0.0,sv_2c_buffer_decoal
R12_WEU,gas_cc_ccs,2100,M1,0.0,sv_2c_buffer_decoal
R12_WEU,gas_cc_ccs,2110,M1,0.0,sv_2c_buffer_decoal
R12_WEU,gas_ct,1960,M1,0.0,sv_2c_buffer_decoal
R12_WEU,gas_ct,1965,M1,0.0,sv_2c_buffer_decoal
R12_WEU,gas_ct,1970,M1,0.0,sv_2c_buffer_decoal
R12_WEU,gas_ct,1975,M1,0.0,sv_2c_buffer_decoal
R12_WEU,gas_ct,1980,M1,0.0,sv_2c_buffer_decoal
R12_WEU,gas_ct,1985,M1,0.0,sv_2c_buffer_decoal
R12_WEU,gas_ct,1990,M1,0.0,sv_2c_buffer_decoal
R12_WEU,gas_ct,1995,M1,0.0,sv_2c_buffer_decoal
R12_WEU,gas_ct,2000,M1,0.0,sv_2c_buffer_decoal
R12_WEU,gas_ct,2005,M1,0.0,sv_2c_buffer_decoal
R12_WEU,gas_ct,2010,M1,0.0,sv_2c_buffer_decoal
R12_WEU,gas_ct,2015,M1,0.0,sv_2c_buffer_decoal
R12_WEU,gas_ct,2020,M1,0.0,sv_2c_buffer_decoal
R12_WEU,gas_ct,2025,M1,0.0,sv_2c_buffer_decoal
R12_WEU,gas_ct,2030,M1,22.278436370711603,sv_2c_buffer_decoal
R12_WEU,gas_ct,2035,M1,5.875825692328724,sv_2c_buffer_decoal
R12_WEU,gas_ct,2040,M1,0.0,sv_2c_buffer_decoal
R12_WEU,gas_ct,2045,M1,0.0,sv_2c_buffer_decoal
R12_WEU,gas_ct,2050,M1,0.0,sv_2c_buffer_decoal
R12_WEU,gas_ct,2055,M1,12.938693817971718,sv_2c_buffer_decoal
R12_WEU,gas_ct,2060,M1,0.0,sv_2c_buffer_decoal
R12_WEU,gas_ct,2070,M1,0.0,sv_2c_buffer_decoal
R12_WEU,gas_ct,2080,M1,0.0,sv_2c_buffer_decoal
R12_WEU,gas_ct,2090,M1,0.0,sv_2c_buffer_decoal
R12_WEU,gas_ct,2100,M1,0.0,sv_2c_buffer_decoal
R12_WEU,gas_ct,2110,M1,0.0,sv_2c_buffer_decoal
R12_WEU,gas_ppl,1960,M1,0.0,sv_2c_buffer_decoal
R12_WEU,gas_ppl,1965,M1,0.0,sv_2c_buffer_decoal
R12_WEU,gas_ppl,1970,M1,0.0,sv_2c_buffer_decoal
R12_WEU,gas_ppl,1975,M1,0.0,sv_2c_buffer_decoal
R12_WEU,gas_ppl,1980,M1,0.0,sv_2c_buffer_decoal
R12_WEU,gas_ppl,1985,M1,0.0,sv_2c_buffer_decoal
R12_WEU,gas_ppl,1990,M1,0.0,sv_2c_buffer_decoal
R12_WEU,gas_ppl,1995,M1,0.0,sv_2c_buffer_decoal
R12_WEU,gas_ppl,2000,M1,0.0,sv_2c_buffer_decoal
R12_WEU,gas_ppl,2005,M1,0.0,sv_2c_buffer_decoal
R12_WEU,gas_ppl,2010,M1,0.0,sv_2c_buffer_decoal
R12_WEU,gas_ppl,2015,M1,0.0,sv_2c_buffer_decoal
R12_WEU,gas_ppl,2020,M1,0.0,sv_2c_buffer_decoal
R12_WEU,gas_ppl,2025,M1,0.0,sv_2c_buffer_decoal
R12_WEU,gas_ppl,2030,M1,0.0,sv_2c_buffer_decoal
R12_WEU,gas_ppl,2035,M1,0.0,sv_2c_buffer_decoal
R12_WEU,gas_ppl,2040,M1,0.0,sv_2c_buffer_decoal
R12_WEU,gas_ppl,2045,M1,0.0,sv_2c_buffer_decoal
R12_WEU,gas_ppl,2050,M1,0.0,sv_2c_buffer_decoal
R12_WEU,gas_ppl,2055,M1,0.0,sv_2c_buffer_decoal
R12_WEU,gas_ppl,2060,M1,0.0,sv_2c_buffer_decoal
R12_WEU,gas_ppl,2070,M1,0.0,sv_2c_buffer_decoal
R12_WEU,gas_ppl,2080,M1,0.0,sv_2c_buffer_decoal
R12_WEU,gas_ppl,2090,M1,0.0,sv_2c_buffer_decoal
R12_WEU,gas_ppl,2100,M1,0.0,sv_2c_buffer_decoal
R12_WEU,gas_ppl,2110,M1,0.0,sv_2c_buffer_decoal
