node,commodity,level,year,time,value,unit
R12_AFR,NH3,final_material,2020,year,2.5,Mt
R12_CHN,NH3,final_material,2020,year,18.0,Mt
R12_EEU,NH3,final_material,2020,year,4.0,Mt
R12_FSU,NH3,final_material,2020,year,7.0,Mt
R12_LAM,NH3,final_material,2020,year,2.5,Mt
R12_MEA,NH3,final_material,2020,year,2.5,Mt
R12_NAM,NH3,final_material,2020,year,7.0,Mt
R12_PAO,NH3,final_material,2020,year,2.5,Mt
R12_PAS,NH3,final_material,2020,year,2.5,Mt
R12_RCPA,NH3,final_material,2020,year,2.5,Mt
R12_SAS,NH3,final_material,2020,year,7.0,Mt
R12_WEU,NH3,final_material,2020,year,5.6,Mt
R12_AFR,NH3,final_material,2025,year,2.7089433774258107,Mt
R12_CHN,NH3,final_material,2025,year,19.899961071106333,Mt
R12_EEU,NH3,final_material,2025,year,4.297702243687177,Mt
R12_FSU,NH3,final_material,2025,year,7.348717081411737,Mt
R12_LAM,NH3,final_material,2025,year,2.6972502686566076,Mt
R12_MEA,NH3,final_material,2025,year,2.699259930199102,Mt
R12_NAM,NH3,final_material,2025,year,7.4374607872649765,Mt
R12_PAO,NH3,final_material,2025,year,2.6172042487507112,Mt
R12_PAS,NH3,final_material,2025,year,2.7143135204960056,Mt
R12_RCPA,NH3,final_material,2025,year,2.780467327999629,Mt
R12_SAS,NH3,final_material,2025,year,7.91089243849878,Mt
R12_WEU,NH3,final_material,2025,year,5.973014410451741,Mt
R12_AFR,NH3,final_material,2030,year,3.2448000791669984,Mt
R12_CHN,NH3,final_material,2030,year,23.58047832099219,Mt
R12_EEU,NH3,final_material,2030,year,5.016615530607276,Mt
R12_FSU,NH3,final_material,2030,year,8.522468181706552,Mt
R12_LAM,NH3,final_material,2030,year,3.1305772187378915,Mt
R12_MEA,NH3,final_material,2030,year,3.1978496196247517,Mt
R12_NAM,NH3,final_material,2030,year,8.556392169453863,Mt
R12_PAO,NH3,final_material,2030,year,2.9781738703488334,Mt
R12_PAS,NH3,final_material,2030,year,3.2192181258733035,Mt
R12_RCPA,NH3,final_material,2030,year,3.4579427059947028,Mt
R12_SAS,NH3,final_material,2030,year,9.70059397812553,Mt
R12_WEU,NH3,final_material,2030,year,6.861692517714186,Mt
R12_AFR,NH3,final_material,2035,year,3.5193451351398233,Mt
R12_CHN,NH3,final_material,2035,year,24.651860388787505,Mt
R12_EEU,NH3,final_material,2035,year,5.1753405531588115,Mt
R12_FSU,NH3,final_material,2035,year,8.868656572933341,Mt
R12_LAM,NH3,final_material,2035,year,3.270833887949266,Mt
R12_MEA,NH3,final_material,2035,year,3.3782529868121793,Mt
R12_NAM,NH3,final_material,2035,year,8.766751609796497,Mt
R12_PAO,NH3,final_material,2035,year,3.0336304249387034,Mt
R12_PAS,NH3,final_material,2035,year,3.3828619084783216,Mt
R12_RCPA,NH3,final_material,2035,year,3.777061531382794,Mt
R12_SAS,NH3,final_material,2035,year,10.477033510351719,Mt
R12_WEU,NH3,final_material,2035,year,7.0401046599474775,Mt
R12_AFR,NH3,final_material,2040,year,3.806855103287431,Mt
R12_CHN,NH3,final_material,2040,year,25.428946266040725,Mt
R12_EEU,NH3,final_material,2040,year,5.298120499779458,Mt
R12_FSU,NH3,final_material,2040,year,9.190819614088916,Mt
R12_LAM,NH3,final_material,2040,year,3.423097918129385,Mt
R12_MEA,NH3,final_material,2040,year,3.5581391794656185,Mt
R12_NAM,NH3,final_material,2040,year,8.957568632645412,Mt
R12_PAO,NH3,final_material,2040,year,3.0843132218406644,Mt
R12_PAS,NH3,final_material,2040,year,3.5260292379738347,Mt
R12_RCPA,NH3,final_material,2040,year,4.033516286337001,Mt
R12_SAS,NH3,final_material,2040,year,11.203878704784175,Mt
R12_WEU,NH3,final_material,2040,year,7.215745159192128,Mt
R12_AFR,NH3,final_material,2045,year,4.111826023232662,Mt
R12_CHN,NH3,final_material,2045,year,26.12141201809224,Mt
R12_EEU,NH3,final_material,2045,year,5.386635118841989,Mt
R12_FSU,NH3,final_material,2045,year,9.487436581668327,Mt
R12_LAM,NH3,final_material,2045,year,3.581861921110272,Mt
R12_MEA,NH3,final_material,2045,year,3.7325319172512845,Mt
R12_NAM,NH3,final_material,2045,year,9.136066069258463,Mt
R12_PAO,NH3,final_material,2045,year,3.1357538506871867,Mt
R12_PAS,NH3,final_material,2045,year,3.6535074976002346,Mt
R12_RCPA,NH3,final_material,2045,year,4.249707186981891,Mt
R12_SAS,NH3,final_material,2045,year,11.898091654147775,Mt
R12_WEU,NH3,final_material,2045,year,7.387160516288157,Mt
R12_AFR,NH3,final_material,2050,year,4.434365727493447,Mt
R12_CHN,NH3,final_material,2050,year,26.729246876594495,Mt
R12_EEU,NH3,final_material,2050,year,5.458245370992348,Mt
R12_FSU,NH3,final_material,2050,year,9.767516620144962,Mt
R12_LAM,NH3,final_material,2050,year,3.7416244501808653,Mt
R12_MEA,NH3,final_material,2050,year,3.902462304880033,Mt
R12_NAM,NH3,final_material,2050,year,9.305379887412984,Mt
R12_PAO,NH3,final_material,2050,year,3.1876693344745264,Mt
R12_PAS,NH3,final_material,2050,year,3.7683524280998086,Mt
R12_RCPA,NH3,final_material,2050,year,4.438807742192197,Mt
R12_SAS,NH3,final_material,2050,year,12.568613968209275,Mt
R12_WEU,NH3,final_material,2050,year,7.549550114162615,Mt
R12_AFR,NH3,final_material,2055,year,4.774355068889122,Mt
R12_CHN,NH3,final_material,2055,year,27.22959226494391,Mt
R12_EEU,NH3,final_material,2055,year,5.519989804366276,Mt
R12_FSU,NH3,final_material,2055,year,10.050654848102376,Mt
R12_LAM,NH3,final_material,2055,year,3.8993817548080023,Mt
R12_MEA,NH3,final_material,2055,year,4.0714819577150045,Mt
R12_NAM,NH3,final_material,2055,year,9.470230094071995,Mt
R12_PAO,NH3,final_material,2055,year,3.2370272059421024,Mt
R12_PAS,NH3,final_material,2055,year,3.8756751666816207,Mt
R12_RCPA,NH3,final_material,2055,year,4.611695673222862,Mt
R12_SAS,NH3,final_material,2055,year,13.223289975608836,Mt
R12_WEU,NH3,final_material,2055,year,7.703214084887312,Mt
R12_AFR,NH3,final_material,2060,year,5.670203187345656,Mt
R12_CHN,NH3,final_material,2060,year,30.607051977296297,Mt
R12_EEU,NH3,final_material,2060,year,6.1634095479929325,Mt
R12_FSU,NH3,final_material,2060,year,11.438234497958135,Mt
R12_LAM,NH3,final_material,2060,year,4.478930464156684,Mt
R12_MEA,NH3,final_material,2060,year,4.686814184109649,Mt
R12_NAM,NH3,final_material,2060,year,10.64684682892171,Mt
R12_PAO,NH3,final_material,2060,year,3.6287897690979523,Mt
R12_PAS,NH3,final_material,2060,year,4.395436662657146,Mt
R12_RCPA,NH3,final_material,2060,year,5.274600614022714,Mt
R12_SAS,NH3,final_material,2060,year,15.320092535566435,Mt
R12_WEU,NH3,final_material,2060,year,8.676374476744774,Mt
R12_AFR,NH3,final_material,2070,year,6.56128238369499,Mt
R12_CHN,NH3,final_material,2070,year,31.448125097374987,Mt
R12_EEU,NH3,final_material,2070,year,6.2725007503896695,Mt
R12_FSU,NH3,final_material,2070,year,12.122375703257749,Mt
R12_LAM,NH3,final_material,2070,year,4.814321334875375,Mt
R12_MEA,NH3,final_material,2070,year,5.06294573479734,Mt
R12_NAM,NH3,final_material,2070,year,11.001344036346417,Mt
R12_PAO,NH3,final_material,2070,year,3.720401963729514,Mt
R12_PAS,NH3,final_material,2070,year,4.605166144324759,Mt
R12_RCPA,NH3,final_material,2070,year,5.604340450265928,Mt
R12_SAS,NH3,final_material,2070,year,16.71046064822988,Mt
R12_WEU,NH3,final_material,2070,year,8.973814108792265,Mt
R12_AFR,NH3,final_material,2080,year,7.481353324259845,Mt
R12_CHN,NH3,final_material,2080,year,31.90338033377859,Mt
R12_EEU,NH3,final_material,2080,year,6.348301349382808,Mt
R12_FSU,NH3,final_material,2080,year,12.768093478693727,Mt
R12_LAM,NH3,final_material,2080,year,5.112966630515815,Mt
R12_MEA,NH3,final_material,2080,year,5.406142631667246,Mt
R12_NAM,NH3,final_material,2080,year,11.318424385063484,Mt
R12_PAO,NH3,final_material,2080,year,3.795175507160621,Mt
R12_PAS,NH3,final_material,2080,year,4.784677569703244,Mt
R12_RCPA,NH3,final_material,2080,year,5.867462548017467,Mt
R12_SAS,NH3,final_material,2080,year,17.93766401049937,Mt
R12_WEU,NH3,final_material,2080,year,9.213507836212036,Mt
R12_AFR,NH3,final_material,2090,year,8.405755437575676,Mt
R12_CHN,NH3,final_material,2090,year,32.15118435406517,Mt
R12_EEU,NH3,final_material,2090,year,6.410435474446605,Mt
R12_FSU,NH3,final_material,2090,year,13.409701156963061,Mt
R12_LAM,NH3,final_material,2090,year,5.372334266553639,Mt
R12_MEA,NH3,final_material,2090,year,5.728631038140352,Mt
R12_NAM,NH3,final_material,2090,year,11.600232863718743,Mt
R12_PAO,NH3,final_material,2090,year,3.8595382548149955,Mt
R12_PAS,NH3,final_material,2090,year,4.9373599007124005,Mt
R12_RCPA,NH3,final_material,2090,year,6.086887986615736,Mt
R12_SAS,NH3,final_material,2090,year,18.994092431074993,Mt
R12_WEU,NH3,final_material,2090,year,9.404243402949751,Mt
R12_AFR,NH3,final_material,2100,year,9.321790834839824,Mt
R12_CHN,NH3,final_material,2100,year,32.289684562756534,Mt
R12_EEU,NH3,final_material,2100,year,6.4737457242190235,Mt
R12_FSU,NH3,final_material,2100,year,14.055800682014153,Mt
R12_LAM,NH3,final_material,2100,year,5.600790822445636,Mt
R12_MEA,NH3,final_material,2100,year,6.039124272838314,Mt
R12_NAM,NH3,final_material,2100,year,11.852711902134434,Mt
R12_PAO,NH3,final_material,2100,year,3.908249589017567,Mt
R12_PAS,NH3,final_material,2100,year,5.0687524626082086,Mt
R12_RCPA,NH3,final_material,2100,year,6.290353243256694,Mt
R12_SAS,NH3,final_material,2100,year,19.92677982402719,Mt
R12_WEU,NH3,final_material,2100,year,9.552173010289975,Mt
R12_AFR,NH3,final_material,2110,year,10.349510704220481,Mt
R12_CHN,NH3,final_material,2110,year,32.42884673295414,Mt
R12_EEU,NH3,final_material,2110,year,6.539560366140647,Mt
R12_FSU,NH3,final_material,2110,year,14.737810609581443,Mt
R12_LAM,NH3,final_material,2110,year,5.842646264218365,Mt
R12_MEA,NH3,final_material,2110,year,6.378310665638794,Mt
R12_NAM,NH3,final_material,2110,year,12.11071147223548,Mt
R12_PAO,NH3,final_material,2110,year,3.959260509511831,Mt
R12_PAS,NH3,final_material,2110,year,5.211160212808128,Mt
R12_RCPA,NH3,final_material,2110,year,6.506791939256591,Mt
R12_SAS,NH3,final_material,2110,year,20.937029663306106,Mt
R12_WEU,NH3,final_material,2110,year,9.704290121027384,Mt
